matchId,shots_array,total_shots,late_game_shots,early_game_shots,late_game_density,early_game_density
2499719,"[1.6, 3.0, 4.2, 7.1, 13.6, 21.4, 21.7, 25.8, 26.4, 26.8, 28.5, 32.8, 37.6, 46.9, 46.9, 48.9, 50.7, 54.9, 55.6, 58.7, 61.6, 67.4, 69.2, 70.5, 73.3, 73.7, 73.9, 78.3, 80.4, 80.8, 82.2, 84.2, 84.6, 95.0]",34,14,11,0.4117647058823529,0.3235294117647059
2499720,"[3.2, 8.9, 13.2, 33.3, 33.3, 44.6, 45.0, 47.1, 50.0, 52.1, 55.3, 55.4, 56.0, 56.0, 56.0, 57.9, 66.1, 69.3]",18,2,3,0.1111111111111111,0.16666666666666666
2499721,"[3.0, 10.7, 23.2, 33.0, 38.6, 40.4, 42.2, 44.1, 44.6, 47.4, 47.1, 48.8, 53.0, 56.1, 59.0, 61.2, 63.4, 65.6, 68.1, 75.5, 79.5, 84.3, 87.3, 89.4]",24,9,3,0.375,0.125
2499722,"[1.7, 17.0, 19.8, 25.1, 27.2, 31.9, 36.6, 41.5, 44.0, 46.9, 47.1, 47.2, 54.3, 57.5, 68.8, 77.0, 77.7, 81.9, 83.1]",19,5,5,0.2631578947368421,0.2631578947368421
2499723,"[12.1, 14.5, 14.6, 19.8, 23.8, 34.1, 34.9, 45.2, 45.4, 53.5, 57.7, 61.2, 68.4, 73.1, 74.4, 85.1, 85.7, 92.6]",18,7,5,0.3888888888888889,0.2777777777777778
2499724,"[11.1, 14.6, 15.2, 24.6, 24.9, 30.6, 32.9, 36.2, 37.5, 39.8, 46.1, 49.0, 52.0, 58.0, 61.0, 61.3, 62.0, 62.8, 65.2, 65.2, 70.6, 74.4, 77.4, 85.3, 86.9, 88.9, 89.5, 92.0]",28,14,5,0.5,0.17857142857142858
2499725,"[4.7, 8.8, 16.4, 21.4, 26.0, 35.0, 40.8, 41.5, 44.7, 45.4, 48.9, 50.9, 55.2, 60.6, 62.4, 62.6, 69.7, 77.0, 79.6, 82.7, 86.2, 90.6]",22,9,5,0.4090909090909091,0.22727272727272727
2499726,"[1.4, 3.5, 6.4, 9.8, 17.5, 19.1, 20.8, 23.8, 24.7, 34.8, 34.9, 35.9, 36.6, 45.9, 46.0, 47.3, 47.4, 49.0, 50.9, 60.7, 61.0, 67.1, 69.3, 78.1, 78.9, 82.0, 86.4, 88.9, 92.2]",29,10,9,0.3448275862068966,0.3103448275862069
2499727,"[7.0, 7.8, 28.3, 31.0, 36.0, 37.7, 47.3, 48.2, 56.9, 63.5, 64.1, 69.3, 70.6, 75.0, 76.2, 85.1, 92.4, 93.0, 94.4, 97.4]",20,11,3,0.55,0.15
2499728,"[2.4, 7.6, 8.9, 13.2, 14.2, 22.2, 22.7, 25.3, 30.3, 33.2, 39.7, 44.7, 49.6, 52.5, 55.8, 59.9, 60.1, 67.7, 74.0, 82.1, 84.5, 84.8, 92.1, 94.7]",24,8,8,0.3333333333333333,0.3333333333333333
2499729,"[4.6, 6.0, 13.8, 19.0, 30.6, 31.0, 32.4, 37.9, 47.0, 46.5, 48.2, 56.9, 57.4, 62.1, 67.5, 69.9, 70.0, 72.3, 75.0, 81.0, 85.7, 85.8, 88.0, 91.9]",24,11,4,0.4583333333333333,0.16666666666666666
2499730,"[0.8, 4.3, 16.2, 24.6, 24.6, 29.4, 31.0, 39.6, 42.7, 45.3, 46.4, 54.8, 56.0, 57.3, 62.1, 65.0, 70.2, 75.4, 80.5, 81.8, 88.4, 89.9, 93.5]",23,9,6,0.391304347826087,0.2608695652173913
2499731,"[1.1, 3.9, 7.6, 8.8, 8.8, 14.6, 15.8, 40.3, 44.7, 49.1, 67.4, 67.9, 70.5, 80.7, 83.3, 89.0, 92.6]",17,7,7,0.4117647058823529,0.4117647058823529
2499732,"[0.8, 0.9, 5.0, 12.7, 15.4, 16.0, 17.8, 27.1, 32.8, 39.0, 40.4, 53.9, 72.3, 73.0, 73.7, 75.6, 76.3, 89.7]",18,6,8,0.3333333333333333,0.4444444444444444
2499733,"[8.1, 9.4, 14.1, 27.4, 34.4, 40.1, 40.4, 53.5, 54.8, 56.0, 58.6, 58.9, 59.0, 69.8, 69.9, 69.9, 72.1, 81.6, 84.5, 88.4, 88.8, 88.9, 88.9, 90.5, 90.6]",25,12,4,0.48,0.16
2499734,"[1.4, 3.0, 8.6, 10.9, 11.5, 15.3, 15.5, 18.6, 25.5, 26.0, 33.7, 34.6, 37.1, 42.7, 44.8, 50.1, 57.5, 70.2, 71.5, 73.1, 73.7, 74.7, 76.7, 78.1, 81.9]",25,8,10,0.32,0.4
2499735,"[2.9, 18.9, 20.0, 20.3, 27.3, 30.9, 32.4, 34.1, 35.8, 42.4, 45.6, 46.6, 57.0, 58.4, 59.9, 61.2, 62.5, 62.5, 66.3, 67.1, 67.5, 69.4, 69.5, 77.3, 77.7, 93.7, 94.3]",27,12,5,0.4444444444444444,0.18518518518518517
2499736,"[2.8, 3.4, 4.8, 6.9, 9.1, 19.8, 22.8, 28.6, 34.0, 35.6, 41.7, 44.3, 44.3, 55.9, 57.8, 60.3, 61.8, 67.4, 77.6, 79.8, 81.1, 83.5, 91.8]",23,8,8,0.34782608695652173,0.34782608695652173
2499737,"[4.3, 9.6, 14.1, 18.6, 20.0, 26.3, 28.7, 29.1, 41.5, 41.7, 43.2, 43.6, 44.2, 45.1, 45.8, 46.2, 51.2, 68.5, 70.0, 70.8, 73.0, 75.7, 76.1, 87.2]",24,7,8,0.2916666666666667,0.3333333333333333
2499738,"[5.4, 12.6, 14.6, 16.1, 16.1, 22.8, 48.7, 49.5, 57.5, 61.0, 62.0, 66.0, 71.5, 76.0, 79.4, 82.2, 86.4, 91.2, 92.3]",19,10,6,0.5263157894736842,0.3157894736842105
2499739,"[4.4, 11.8, 12.0, 14.8, 18.1, 18.2, 20.0, 20.8, 23.5, 24.8, 24.8, 27.0, 31.1, 43.1, 54.9, 60.3, 67.4, 70.6, 71.2, 73.1, 73.4, 83.5, 91.2, 95.8, 96.5, 100.2]",26,11,12,0.4230769230769231,0.46153846153846156
2499740,"[2.7, 9.6, 11.8, 12.6, 12.7, 13.1, 26.4, 32.9, 39.5, 41.8, 47.1, 49.3, 53.3, 58.6, 60.0, 68.7, 69.1, 79.4, 80.7, 84.3, 85.1, 85.3, 86.8, 86.8, 89.6]",25,11,7,0.44,0.28
2499741,"[2.7, 6.8, 17.5, 23.7, 28.8, 32.5, 35.6, 38.4, 43.6, 45.9, 47.3, 56.8, 58.4, 59.4, 63.1, 64.5, 71.6, 73.7, 75.3, 82.9, 89.7]",21,7,5,0.3333333333333333,0.23809523809523808
2499742,"[2.5, 10.5, 13.1, 18.6, 18.8, 22.3, 28.0, 30.2, 34.7, 35.8, 39.8, 50.6, 56.7, 63.1, 67.8, 67.9, 73.9, 75.3, 75.8, 81.7, 84.4, 90.6]",22,9,7,0.4090909090909091,0.3181818181818182
2499743,"[5.3, 6.7, 9.7, 15.8, 16.3, 18.7, 24.7, 31.4, 33.7, 34.7, 39.3, 41.4, 46.0, 48.4, 52.6, 53.9, 54.0, 56.5, 60.2, 61.9, 68.4, 69.2, 77.0, 80.9, 86.5, 88.3, 90.7]",27,9,7,0.3333333333333333,0.25925925925925924
2499744,"[0.4, 3.4, 12.0, 17.8, 18.7, 19.8, 22.8, 23.6, 27.3, 28.5, 30.1, 34.8, 40.7, 46.5, 54.4, 56.3, 63.6, 63.7, 65.8, 69.5, 71.4, 72.1, 73.7, 78.8, 81.4, 81.4, 92.9, 93.9]",28,12,10,0.42857142857142855,0.35714285714285715
2499745,"[7.2, 17.4, 29.0, 30.7, 31.8, 35.1, 38.6, 42.0, 49.8, 50.8, 49.1, 51.9, 52.0, 62.8, 63.9, 71.9, 74.2, 75.1, 76.0, 84.9, 85.9, 90.1, 92.3]",23,10,3,0.43478260869565216,0.13043478260869565
2499746,"[0.6, 0.7, 4.2, 4.7, 7.9, 9.5, 11.7, 17.3, 21.3, 22.4, 25.8, 31.8, 32.6, 33.2, 35.5, 36.2, 36.2, 37.6, 38.0, 42.1, 44.7, 48.5, 48.5, 52.9, 58.7, 70.6, 71.2, 72.7, 73.2, 73.7, 73.9, 74.5, 74.6, 75.3, 75.8, 76.7, 77.3, 78.6, 86.1, 86.9, 88.6, 91.6]",42,17,11,0.40476190476190477,0.2619047619047619
2499747,"[8.4, 15.1, 15.7, 18.8, 22.2, 32.1, 34.3, 36.7, 37.3, 46.1, 51.3, 55.3, 66.5, 67.3, 73.6, 74.1, 75.2, 79.7, 86.2, 88.8, 90.8, 93.0]",22,10,5,0.45454545454545453,0.22727272727272727
2499748,"[4.6, 7.8, 8.7, 12.3, 13.1, 23.5, 25.5, 29.2, 35.4, 40.7, 60.3, 62.4, 65.5, 67.1, 72.8, 75.6, 76.5, 76.7, 81.9, 82.7, 84.4, 85.9, 88.2, 91.4, 92.4]",25,15,8,0.6,0.32
2499749,"[5.7, 11.6, 17.3, 26.9, 36.8, 39.9, 47.8, 47.8, 49.5, 55.3, 56.7, 59.6, 67.0, 71.0, 71.9, 78.3, 84.6, 86.7, 88.3, 92.1]",20,8,4,0.4,0.2
2499750,"[2.1, 13.3, 19.8, 21.0, 22.1, 23.9, 24.9, 26.5, 32.8, 38.1, 39.1, 41.0, 44.9, 47.1, 57.4, 62.6, 66.2, 75.1, 76.7, 85.6, 86.6, 89.3, 90.3, 92.3, 94.0]",25,10,8,0.4,0.32
2499751,"[2.8, 4.5, 5.8, 7.0, 9.4, 17.9, 20.8, 21.3, 31.2, 45.9, 45.6, 51.7, 55.7, 60.9, 71.5, 73.2, 76.9, 78.6, 83.4, 83.5, 85.3, 86.8, 87.8, 87.9, 88.7]",25,12,8,0.48,0.32
2499752,"[6.0, 6.5, 11.7, 14.9, 15.0, 20.1, 27.7, 30.4, 41.3, 41.3, 43.6, 47.0, 45.8, 52.2, 53.1, 58.1, 65.9, 69.0, 83.0, 83.8, 84.3, 88.1, 90.4, 92.8]",24,8,7,0.3333333333333333,0.2916666666666667
2499753,"[1.4, 25.1, 33.8, 35.8, 39.5, 39.6, 40.8, 42.4, 42.8, 43.0, 45.7, 49.7, 53.1, 53.9, 56.5, 58.9, 62.2, 65.1, 67.7, 79.9, 81.7, 86.3, 91.5]",23,7,2,0.30434782608695654,0.08695652173913043
2499754,"[1.3, 3.3, 6.7, 12.3, 17.1, 23.0, 24.0, 30.1, 33.6, 34.1, 50.2, 52.6, 64.2, 76.2, 82.3, 86.6, 90.6]",17,5,7,0.29411764705882354,0.4117647058823529
2499755,"[22.9, 37.6, 41.3, 42.0, 44.6, 45.9, 46.5, 52.0, 54.2, 54.2, 54.2, 57.2, 59.1, 59.1, 65.1, 73.0, 78.1, 82.9, 88.3, 90.0, 91.7, 93.7]",22,8,1,0.36363636363636365,0.045454545454545456
2499756,"[2.9, 16.9, 23.3, 26.3, 26.7, 27.9, 31.0, 42.4, 45.1, 45.1, 47.0, 46.1, 47.3, 48.4, 56.8, 56.9, 61.9, 62.6, 65.2, 66.3, 69.3, 76.0, 80.9, 83.9, 90.2, 93.5]",26,10,6,0.38461538461538464,0.23076923076923078
2499757,"[4.5, 4.6, 7.5, 26.3, 29.1, 32.9, 34.7, 37.5, 38.1, 42.3, 45.7, 53.0, 55.3, 59.7, 63.9, 72.3, 72.4, 73.7, 74.4, 75.7, 87.5, 91.5, 91.9]",23,9,5,0.391304347826087,0.21739130434782608
2499758,"[3.1, 12.2, 20.6, 28.9, 29.7, 35.3, 36.6, 39.6, 46.9, 53.7, 55.8, 59.7, 61.1, 67.5, 71.8, 75.4, 76.9, 79.2, 79.7, 80.3, 87.1, 87.6, 91.2]",23,11,5,0.4782608695652174,0.21739130434782608
2499759,"[8.7, 10.2, 14.0, 20.0, 23.0, 29.3, 29.9, 43.9, 44.9, 50.7, 50.7, 51.1, 52.5, 53.2, 54.8, 65.8, 66.2, 70.7, 72.9, 74.5, 85.9]",21,6,7,0.2857142857142857,0.3333333333333333
2499760,"[2.6, 15.4, 16.5, 19.7, 20.8, 21.7, 22.5, 31.3, 35.1, 37.0, 37.1, 40.7, 40.7, 46.4, 47.7, 53.4, 59.9, 63.1, 78.9, 79.4, 85.0, 86.0, 89.3]",23,6,7,0.2608695652173913,0.30434782608695654
2499761,"[3.6, 5.4, 11.1, 15.8, 18.4, 19.8, 21.3, 23.4, 29.2, 30.6, 43.8, 44.8, 45.2, 48.5, 55.6, 59.7, 63.7, 77.0, 78.9, 88.6, 89.5, 93.4]",22,6,9,0.2727272727272727,0.4090909090909091
2499762,"[2.7, 3.3, 3.9, 5.6, 10.5, 15.4, 17.8, 37.6, 42.1, 42.5, 45.7, 48.2, 51.5, 61.6, 63.8, 71.7, 76.7, 83.9, 92.8]",19,6,7,0.3157894736842105,0.3684210526315789
2499763,"[1.0, 7.6, 17.6, 17.9, 19.7, 21.0, 23.4, 25.3, 26.0, 29.2, 36.1, 36.2, 37.2, 41.2, 43.2, 44.5, 46.7, 47.9, 46.3, 49.1, 51.0, 53.1, 56.4, 57.7, 58.5, 59.0, 60.2, 63.4, 70.9, 73.4, 76.3, 77.0, 80.0, 80.5, 82.3, 83.8, 85.1, 89.3, 91.5, 92.2, 93.0]",41,15,10,0.36585365853658536,0.24390243902439024
2499764,"[3.3, 20.3, 25.5, 27.0, 33.9, 37.8, 45.8, 50.9, 60.9, 69.2, 73.4, 73.8, 75.2, 77.7, 82.9, 88.8, 88.9, 90.1]",18,10,4,0.5555555555555556,0.2222222222222222
2499765,"[0.7, 7.6, 18.7, 21.5, 22.6, 23.2, 26.4, 33.3, 33.3, 39.2, 45.2, 47.1, 50.9, 54.9, 55.8, 56.5, 58.4, 60.2, 62.6, 63.2, 67.7, 78.6, 86.3, 88.1, 92.0]",25,8,7,0.32,0.28
2499766,"[3.4, 5.0, 10.5, 11.0, 17.5, 26.9, 37.6, 43.0, 45.1, 47.5, 55.0, 55.2, 56.1, 57.2, 57.3, 57.4, 60.4, 64.0, 64.8, 65.8, 66.2, 77.4, 80.9, 84.3, 90.6, 91.9]",26,10,6,0.38461538461538464,0.23076923076923078
2499767,"[5.1, 6.6, 8.7, 10.2, 12.9, 15.1, 17.6, 19.5, 20.4, 22.3, 23.9, 26.8, 30.7, 35.7, 37.0, 47.8, 52.7, 53.0, 55.1, 56.5, 57.8, 59.6, 60.9, 62.5, 63.0, 71.8, 74.4, 80.6, 83.7, 84.5, 90.2, 92.7]",32,10,12,0.3125,0.375
2499768,"[2.9, 11.0, 11.5, 26.1, 28.0, 30.6, 35.7, 37.2, 38.6, 40.9, 46.3, 58.4, 61.9, 73.4, 87.4]",15,3,5,0.2,0.3333333333333333
2499769,"[7.4, 7.4, 10.9, 11.8, 19.1, 26.9, 37.5, 38.5, 50.9, 53.1, 68.8, 69.7, 74.2, 78.0, 81.0, 81.4, 86.1, 89.1]",18,8,6,0.4444444444444444,0.3333333333333333
2499770,"[1.8, 4.3, 5.4, 6.5, 6.7, 10.9, 21.1, 30.5, 46.0, 50.2, 55.4, 61.6, 67.2, 78.6, 83.5, 89.7, 89.8, 90.8]",18,7,7,0.3888888888888889,0.3888888888888889
2499771,"[11.7, 22.5, 32.0, 42.0, 46.5, 47.9, 51.9, 55.6, 61.1, 64.9, 75.7, 76.2, 83.0]",13,5,2,0.38461538461538464,0.15384615384615385
2499772,"[5.8, 12.2, 15.9, 19.4, 29.7, 40.0, 48.2, 50.4, 54.0, 57.0, 58.8, 60.3, 60.8, 61.8, 69.8, 71.4, 76.3, 81.0, 81.0, 81.1, 84.0, 86.7, 90.2]",23,12,5,0.5217391304347826,0.21739130434782608
2499773,"[5.2, 5.2, 12.4, 12.6, 12.7, 14.2, 15.0, 17.1, 24.5, 24.6, 31.7, 32.2, 42.2, 47.2, 47.7, 46.0, 55.1, 56.7, 60.3, 60.6, 65.7, 66.0, 66.3, 66.6, 67.1, 68.6, 68.6, 74.8, 79.1, 81.1, 84.4]",31,13,10,0.41935483870967744,0.3225806451612903
2499774,"[4.7, 5.6, 10.4, 11.6, 12.0, 12.0, 14.5, 15.4, 18.7, 20.8, 27.0, 32.6, 36.6, 36.8, 42.0, 43.7, 46.1, 45.7, 46.8, 46.8, 50.7, 53.5, 56.5, 57.9, 58.6, 59.8, 61.7, 78.7, 88.1]",29,3,11,0.10344827586206896,0.3793103448275862
2499775,"[4.5, 9.8, 11.1, 19.1, 19.1, 22.4, 23.9, 27.1, 46.4, 50.5, 56.0, 59.5, 61.3, 63.3, 65.4, 66.5, 68.3, 71.0, 77.5, 78.6]",20,8,8,0.4,0.4
2499776,"[1.4, 16.6, 29.3, 42.0, 42.4, 44.8, 53.6, 59.6, 63.2, 64.9, 71.1, 73.1, 77.0, 80.2, 81.4, 86.1]",16,8,3,0.5,0.1875
2499777,"[4.8, 12.9, 14.5, 17.3, 19.9, 31.6, 38.3, 39.6, 40.0, 40.9, 43.2, 53.8, 55.5, 55.5, 86.1, 89.2]",16,2,5,0.125,0.3125
2499778,"[8.0, 12.6, 15.3, 15.3, 21.0, 22.6, 33.9, 37.6, 37.6, 40.6, 59.5, 62.5, 63.1, 64.8, 67.5, 70.0, 76.6, 78.3, 86.1, 89.7, 91.2, 91.6, 93.8]",23,12,6,0.5217391304347826,0.2608695652173913
2499779,"[2.4, 2.4, 4.1, 8.0, 22.6, 41.7, 42.9, 45.2, 49.3, 54.9, 59.2, 62.6, 65.8, 67.8, 69.7, 69.8, 72.1, 72.9, 75.8, 77.3, 77.4, 82.1, 85.0, 88.0, 91.7, 92.3]",26,15,5,0.5769230769230769,0.19230769230769232
2499780,"[1.1, 1.1, 4.7, 6.5, 6.8, 12.3, 15.8, 15.9, 16.0, 22.6, 22.6, 27.9, 28.2, 33.1, 34.6, 41.3, 41.6, 44.2, 48.3, 51.3, 54.4, 55.1, 58.9, 60.8, 61.3, 61.5, 65.0, 66.6, 83.3, 91.5, 92.7]",31,8,13,0.25806451612903225,0.41935483870967744
2499781,"[2.5, 9.6, 11.2, 18.5, 19.1, 25.4, 28.8, 30.7, 40.2, 44.3, 49.1, 53.8, 60.8, 65.1, 78.2, 83.9, 86.5, 89.4]",18,6,7,0.3333333333333333,0.3888888888888889
2499782,"[2.6, 5.2, 8.9, 9.7, 12.0, 13.0, 20.9, 29.9, 33.9, 36.9, 37.5, 40.1, 43.2, 47.2, 50.1, 55.0, 62.4, 63.9, 68.2, 77.0, 78.0, 80.7, 81.8, 83.9, 84.6, 86.1, 92.2, 94.3]",28,12,8,0.42857142857142855,0.2857142857142857
2499783,"[0.7, 4.4, 7.9, 8.8, 14.4, 15.9, 17.5, 19.3, 23.0, 30.3, 30.4, 42.0, 59.5, 66.8, 73.0, 84.8, 85.3, 90.6, 91.9]",19,6,9,0.3157894736842105,0.47368421052631576
2499784,"[2.4, 7.2, 10.2, 12.4, 13.3, 31.8, 34.6, 40.7, 42.4, 43.2, 45.3, 46.9, 48.0, 55.5, 57.2, 61.1, 63.4, 67.3, 69.1, 70.5, 73.1, 80.5, 85.2]",23,8,5,0.34782608695652173,0.21739130434782608
2499785,"[2.7, 4.5, 4.8, 6.9, 12.0, 15.8, 17.5, 22.8, 22.9, 22.9, 28.7, 32.8, 35.4, 47.2, 47.8, 49.5, 49.5, 51.6, 56.1, 83.7, 84.6, 87.0, 87.9, 91.3]",24,5,11,0.20833333333333334,0.4583333333333333
2499786,"[1.0, 1.6, 5.2, 6.2, 6.3, 7.6, 11.7, 14.1, 14.1, 17.5, 23.1, 28.5, 29.5, 29.5, 35.3, 38.7, 39.7, 47.8, 48.1, 53.4, 56.6, 58.3, 68.0, 71.1, 74.2, 74.7, 74.8, 83.5, 84.2, 84.2, 93.1, 94.9, 95.2, 96.1]",34,12,14,0.35294117647058826,0.4117647058823529
2499787,"[18.0, 21.0, 27.7, 29.9, 31.5, 32.8, 35.7, 36.6, 40.0, 41.0, 44.0, 49.6, 52.5, 55.4, 60.0, 61.7, 63.0, 70.9, 72.8, 78.9, 91.8, 94.5]",22,8,4,0.36363636363636365,0.18181818181818182
2499788,"[3.9, 14.0, 14.5, 20.8, 21.6, 25.4, 74.9, 85.2, 87.3, 89.3, 93.3]",11,5,6,0.45454545454545453,0.5454545454545454
2499789,"[4.1, 9.2, 18.9, 23.9, 31.0, 31.0, 33.2, 39.9, 52.3, 53.3, 56.7, 64.7, 73.3, 74.6, 75.4, 77.3, 79.8, 81.7, 81.8, 86.4, 91.5, 93.6]",22,11,4,0.5,0.18181818181818182
2499790,"[7.2, 8.4, 12.5, 18.7, 20.4, 22.1, 22.7, 32.6, 38.9, 45.0, 46.9, 51.3, 56.3, 62.1, 63.3, 63.4, 65.2, 66.6, 69.7, 72.1, 83.9, 84.4, 88.8, 91.1]",24,11,7,0.4583333333333333,0.2916666666666667
2499791,"[2.7, 6.2, 17.6, 21.7, 33.4, 38.8, 44.7, 45.7, 49.5, 51.5, 57.8, 58.3, 61.0, 65.8, 67.6, 71.1, 72.1, 72.4, 75.7, 82.0, 85.8, 85.8, 87.4, 88.9, 90.4, 91.3]",26,14,4,0.5384615384615384,0.15384615384615385
2499792,"[13.0, 17.0, 34.6, 34.6, 40.0, 47.1, 50.1, 68.9, 77.2, 79.6, 81.7]",11,4,2,0.36363636363636365,0.18181818181818182
2499793,"[1.8, 5.4, 6.2, 9.7, 13.8, 15.4, 18.2, 29.2, 31.1, 33.9, 33.9, 40.3, 42.8, 42.9, 48.3, 49.6, 54.2, 54.3, 55.9, 66.1, 75.2, 82.5, 90.8, 93.2]",24,5,8,0.20833333333333334,0.3333333333333333
2499794,"[7.0, 10.5, 13.2, 15.7, 16.3, 18.2, 26.4, 33.8, 43.5, 44.7, 46.0, 46.4, 47.4, 55.0, 59.6, 61.4, 69.7, 73.9, 78.3, 79.7, 86.6, 90.2]",22,7,7,0.3181818181818182,0.3181818181818182
2499795,"[8.5, 13.9, 15.8, 18.6, 19.5, 19.5, 21.9, 28.6, 35.5, 36.1, 39.4, 41.7, 42.8, 44.7, 46.1, 48.9, 50.3, 50.3, 58.8, 62.1, 65.0, 66.0, 69.5, 76.2, 77.9, 88.2, 88.7, 95.0, 95.1]",29,10,8,0.3448275862068966,0.27586206896551724
2499796,"[3.1, 7.4, 8.1, 22.5, 26.5, 41.7, 47.5, 47.5, 60.0, 78.3, 80.5, 81.8, 90.8]",13,5,5,0.38461538461538464,0.38461538461538464
2499797,"[15.2, 16.2, 18.0, 19.7, 31.4, 32.2, 32.7, 41.9, 44.6, 46.7, 50.3, 51.7, 61.1, 61.2, 63.4, 63.6, 64.5, 77.1, 77.6, 80.9, 83.7, 87.4, 90.4]",23,11,4,0.4782608695652174,0.17391304347826086
2499798,"[18.4, 28.1, 37.3, 38.6, 42.6, 42.7, 43.7, 51.9, 62.8, 69.6, 74.2, 75.5, 82.4, 87.0, 88.7, 90.9, 91.5, 91.6, 91.6, 93.1]",20,12,2,0.6,0.1
2499799,"[11.0, 15.6, 15.9, 22.0, 23.1, 29.1, 30.9, 31.4, 32.3, 39.9, 40.4, 47.0, 46.9, 48.0, 48.9, 53.0, 55.1, 64.9, 66.2, 70.8, 72.5, 73.9, 79.2, 81.6, 84.8, 86.6, 94.5]",27,10,6,0.37037037037037035,0.2222222222222222
2499800,"[2.4, 4.6, 9.0, 9.0, 11.3, 15.9, 16.2, 17.4, 21.3, 25.9, 31.2, 31.2, 39.0, 39.0, 39.1, 40.1, 43.1, 45.0, 46.9, 52.4, 52.7, 55.0, 62.8, 73.2, 78.5, 79.9, 82.5, 83.5, 85.4, 88.3, 89.4, 92.8, 94.8]",33,11,10,0.3333333333333333,0.30303030303030304
2499801,"[5.5, 13.3, 18.4, 19.7, 27.3, 27.4, 29.6, 32.8, 47.4, 53.2, 60.6, 75.5, 77.3, 93.5]",14,4,7,0.2857142857142857,0.5
2499802,"[6.3, 13.9, 22.3, 27.3, 38.1, 41.4, 42.0, 42.8, 46.1, 46.1, 55.6, 72.3, 72.8, 74.5, 82.8, 88.2, 89.5, 92.2, 92.9]",19,8,4,0.42105263157894735,0.21052631578947367
2499803,"[10.0, 16.6, 24.1, 25.5, 33.0, 35.7, 38.9, 40.2, 58.4, 64.8, 71.8, 73.0, 77.3, 85.5]",14,5,4,0.35714285714285715,0.2857142857142857
2499804,"[2.7, 3.9, 13.4, 20.4, 22.1, 23.9, 28.2, 39.7, 41.9, 42.4, 46.7, 49.3, 50.7, 51.4, 54.2, 56.0, 59.1, 63.8, 67.5, 71.1, 72.5, 74.4, 79.8, 84.8, 93.4]",25,8,7,0.32,0.28
2499805,"[15.3, 20.0, 30.2, 32.8, 33.7, 38.2, 39.0, 42.6, 44.1, 46.4, 47.2, 50.7, 55.1, 62.0, 65.2, 87.6, 89.1, 92.7]",18,5,2,0.2777777777777778,0.1111111111111111
2499806,"[0.8, 9.6, 12.3, 16.7, 21.1, 22.0, 31.5, 32.7, 36.3, 36.8, 42.2, 43.9, 44.7, 48.3, 53.5, 53.6, 55.1, 58.6, 66.6, 68.5, 75.3, 75.4, 80.7, 84.1, 85.1, 87.3, 88.1, 89.1, 91.0, 93.5]",30,12,6,0.4,0.2
2499807,"[4.0, 11.3, 15.5, 19.9, 23.6, 27.5, 28.3, 29.6, 36.0, 36.4, 42.4, 47.4, 50.1, 55.4, 55.4, 62.2, 64.3, 66.6, 67.6, 71.5, 72.9, 77.6, 77.9, 91.3]",24,9,8,0.375,0.3333333333333333
2499808,"[4.3, 9.7, 11.6, 17.5, 20.0, 25.4, 26.0, 29.2, 38.4, 43.8, 44.8, 46.2, 46.6, 48.6, 73.1, 77.2, 78.7, 84.3, 85.0, 86.4]",20,6,8,0.3,0.4
2499809,"[7.3, 8.5, 16.9, 18.0, 23.9, 25.7, 27.2, 30.8, 33.5, 43.2, 43.2, 43.6, 48.0, 50.7, 53.6, 56.3, 63.3, 65.4, 67.6, 71.1, 82.4, 87.3, 92.3]",23,7,7,0.30434782608695654,0.30434782608695654
2499810,"[4.7, 5.4, 7.3, 17.6, 18.8, 20.3, 21.4, 26.2, 39.7, 40.6, 44.9, 50.5, 50.6, 51.7, 54.6, 57.1, 60.0, 63.5, 65.1, 71.3, 76.5, 85.1, 88.3]",23,7,8,0.30434782608695654,0.34782608695652173
2499811,"[6.1, 18.4, 34.1, 40.9, 41.3, 47.3, 51.1, 53.3, 56.5, 69.1, 70.4, 71.4, 76.3, 79.5]",14,5,2,0.35714285714285715,0.14285714285714285
2499812,"[0.6, 3.5, 9.9, 16.9, 30.6, 40.0, 44.6, 49.7, 51.8, 52.6, 68.4, 70.6, 71.4, 73.0, 73.1, 76.3, 81.8, 85.8, 88.2, 89.8, 92.0, 92.5]",22,12,4,0.5454545454545454,0.18181818181818182
2499813,"[4.2, 30.6, 33.4, 35.2, 35.3, 39.1, 42.5, 49.3, 47.3, 51.8, 54.8, 76.3, 77.1, 81.8, 84.3, 90.1, 91.6, 95.5, 96.1]",19,8,1,0.42105263157894735,0.05263157894736842
2499814,"[2.9, 7.6, 8.6, 17.5, 21.6, 28.7, 34.9, 36.0, 42.5, 43.8, 45.9, 56.4, 58.1, 61.0, 64.4, 66.9, 69.2, 76.6, 88.2, 88.2]",20,7,6,0.35,0.3
2499815,"[14.9, 26.3, 31.1, 39.6, 41.8, 49.1, 55.6, 56.9, 57.7, 62.2, 66.0, 74.6, 87.1, 89.9]",14,5,2,0.35714285714285715,0.14285714285714285
2499816,"[10.6, 16.4, 19.0, 19.8, 27.4, 36.0, 36.3, 37.0, 40.3, 40.9, 40.9, 53.8, 54.6, 54.7, 64.2, 70.6, 72.6, 74.9, 76.8, 78.3, 78.6, 80.8, 83.9, 89.6]",24,10,5,0.4166666666666667,0.20833333333333334
2499817,"[15.2, 36.5, 55.4, 56.6, 60.1, 65.6, 66.5, 71.0, 72.7, 73.7, 78.8, 80.3, 80.9, 82.6, 83.7, 84.6, 94.8, 95.3, 95.6]",19,15,1,0.7894736842105263,0.05263157894736842
2499818,"[3.3, 6.5, 6.5, 8.5, 9.7, 11.6, 12.2, 14.7, 25.7, 32.9, 40.8, 43.4, 45.2, 47.0, 48.9, 55.1, 64.0, 69.6, 84.1, 86.3, 91.1]",21,5,9,0.23809523809523808,0.42857142857142855
2499819,"[1.7, 7.8, 11.1, 12.2, 12.8, 15.6, 15.7, 17.3, 18.0, 18.1, 28.2, 29.5, 31.3, 36.4, 39.3, 48.0, 53.1, 54.1, 67.7, 68.1, 74.5, 75.2, 81.3, 86.0, 89.1, 89.2]",26,8,12,0.3076923076923077,0.46153846153846156
2499820,"[21.8, 26.9, 28.1, 39.1, 39.8, 41.1, 41.1, 45.5, 46.9, 49.7, 53.0, 63.4, 66.3, 72.6, 73.2, 82.3, 88.2, 102.4]",18,7,3,0.3888888888888889,0.16666666666666666
2499821,"[11.2, 17.0, 21.4, 31.4, 35.4, 35.9, 38.6, 44.0, 69.1, 70.2, 73.0, 76.7, 79.4, 91.8, 92.2]",15,7,3,0.4666666666666667,0.2
2499822,"[1.5, 4.3, 9.6, 17.9, 18.1, 27.7, 45.8, 54.7, 64.1, 67.1, 67.5, 68.5, 73.9]",13,5,6,0.38461538461538464,0.46153846153846156
2499823,"[2.0, 4.8, 10.7, 12.0, 13.3, 15.6, 18.8, 20.3, 25.2, 28.1, 30.7, 31.9, 34.3, 34.8, 36.7, 36.9, 39.0, 40.2, 43.3, 45.8, 48.7, 49.5, 51.4, 61.8, 67.4, 70.4, 72.7, 79.1, 85.0, 88.3, 90.2, 91.1, 91.5]",33,10,10,0.30303030303030304,0.30303030303030304
2499824,"[5.2, 8.2, 15.3, 25.5, 29.6, 33.9, 38.6, 41.6, 42.4, 53.4, 55.2, 55.7, 56.8, 62.7, 76.7, 78.7, 79.2, 80.8, 89.9]",19,6,5,0.3157894736842105,0.2631578947368421
2499825,"[13.2, 20.1, 27.9, 32.5, 35.7, 36.2, 36.9, 38.4, 42.8, 43.5, 48.7, 52.6, 58.9, 59.9, 67.5, 71.4, 71.9, 72.8, 77.1, 81.3, 87.4, 88.1, 94.2]",23,9,3,0.391304347826087,0.13043478260869565
2499826,"[22.0, 24.9, 28.9, 32.0, 32.6, 34.9, 38.5, 51.4, 51.9, 81.4, 91.0, 93.1]",12,3,3,0.25,0.25
2499827,"[9.2, 12.4, 13.5, 16.9, 30.7, 34.4, 35.6, 41.2, 43.9, 47.8, 48.5, 56.8, 58.7, 59.3, 63.3, 63.4, 69.5, 72.7, 79.1, 81.4, 86.8, 92.3]",22,8,4,0.36363636363636365,0.18181818181818182
2499828,"[1.5, 8.7, 21.0, 23.6, 46.7, 48.1, 54.9, 55.9, 55.9, 58.2, 61.9, 67.6, 68.2, 68.9, 75.0, 80.3, 83.2, 85.1, 86.0, 87.8]",20,10,4,0.5,0.2
2499829,"[5.9, 7.9, 8.0, 9.4, 10.4, 12.4, 18.1, 19.0, 25.9, 30.6, 33.7, 37.9, 40.6, 41.5, 44.7, 51.8, 65.4, 69.0, 70.6, 73.6, 81.8, 82.1, 82.2, 83.2, 86.7, 91.6]",26,10,9,0.38461538461538464,0.34615384615384615
2499830,"[4.6, 5.9, 28.9, 32.3, 33.1, 36.0, 41.0, 44.0, 48.1, 55.1, 55.3, 62.6, 69.1, 70.2, 75.4, 77.3, 80.9, 83.1, 84.6, 86.8, 87.2, 89.1, 91.6, 92.2, 93.2]",25,14,3,0.56,0.12
2499831,"[4.0, 5.5, 6.1, 9.4, 11.5, 12.5, 15.8, 17.5, 18.9, 22.5, 24.6, 27.2, 43.6, 45.6, 49.6, 59.4, 67.9, 78.0, 79.7, 80.6, 82.4]",21,5,12,0.23809523809523808,0.5714285714285714
2499832,"[1.8, 5.6, 14.1, 15.2, 15.3, 18.1, 19.3, 24.8, 26.4, 28.9, 39.1, 42.5, 46.0, 46.3, 48.5, 49.2, 51.8, 53.9, 58.8, 66.9, 75.2, 77.6, 85.5, 92.2, 94.5]",25,6,10,0.24,0.4
2499833,"[0.8, 0.8, 16.1, 16.4, 18.2, 32.8, 34.4, 41.3, 45.9, 47.2, 57.1, 63.5, 72.1, 72.7, 78.2, 80.7, 82.4, 84.5, 88.7, 89.5, 93.0]",21,10,5,0.47619047619047616,0.23809523809523808
2499834,"[17.5, 20.3, 20.8, 39.1, 40.8, 42.5, 43.5, 44.5, 47.9, 48.2, 49.4, 51.8, 54.1, 63.5, 65.2, 88.4]",16,3,3,0.1875,0.1875
2499835,"[7.9, 8.0, 8.2, 9.0, 21.4, 21.8, 30.9, 40.8, 46.8, 47.9, 50.3, 51.8, 53.0, 53.8, 62.0, 67.1, 67.4, 67.4, 71.2, 83.8, 90.9]",21,7,6,0.3333333333333333,0.2857142857142857
2499836,"[6.5, 9.9, 11.8, 13.1, 16.0, 17.5, 17.7, 18.5, 19.9, 21.6, 25.0, 36.7, 38.5, 43.2, 45.5, 45.9, 47.9, 48.0, 49.2, 53.3, 57.2, 57.6, 66.6, 70.0, 78.0, 89.3, 90.0, 92.5]",28,6,11,0.21428571428571427,0.39285714285714285
2499837,"[10.3, 12.2, 28.3, 32.1, 32.2, 36.5, 41.9, 42.9, 47.3, 47.3, 47.3, 49.1, 49.8, 51.5, 53.4, 55.3, 58.8, 59.6, 63.5, 65.5, 66.8, 73.8, 93.2, 95.6]",24,6,3,0.25,0.125
2499838,"[3.4, 13.7, 16.5, 16.6, 19.5, 22.7, 31.0, 33.0, 37.3, 45.8, 55.6, 62.0, 69.3, 74.0, 81.6, 84.2]",16,5,6,0.3125,0.375
2499839,"[7.1, 14.7, 18.4, 20.6, 26.3, 31.1, 31.2, 31.3, 40.1, 42.1, 42.7, 48.7, 50.2, 57.7, 61.4, 63.3, 68.3, 69.4, 69.5, 74.6, 79.1, 79.7, 88.2]",23,9,5,0.391304347826087,0.21739130434782608
2499840,"[7.4, 15.8, 23.1, 24.4, 30.0, 32.5, 37.3, 51.5, 52.5, 55.1, 63.4, 73.2, 74.9, 86.7, 91.2, 91.2]",16,6,5,0.375,0.3125
2499841,"[6.2, 15.0, 16.8, 23.9, 36.6, 37.6, 37.7, 40.5, 42.5, 45.7, 51.2, 54.5, 83.6, 83.6, 85.7]",15,3,4,0.2,0.26666666666666666
2499842,"[1.9, 9.6, 14.3, 20.4, 23.0, 23.7, 23.7, 26.6, 28.2, 39.9, 40.6, 41.9, 49.4, 50.4, 53.1, 54.1, 62.2, 64.4, 77.7, 80.9, 81.7, 84.6, 90.3]",23,7,9,0.30434782608695654,0.391304347826087
2499843,"[2.1, 11.0, 13.5, 14.1, 34.8, 44.1, 44.2, 46.5, 48.0, 52.5, 65.9, 67.9, 71.4, 75.3, 80.3, 81.0, 83.5, 85.2, 88.4]",19,9,4,0.47368421052631576,0.21052631578947367
2499844,"[4.4, 9.8, 10.6, 11.3, 12.9, 18.4, 19.9, 21.2, 22.7, 30.8, 35.3, 35.7, 40.6, 47.6, 51.0, 53.0, 55.0, 56.7, 59.7, 61.8, 66.3, 80.3, 82.0, 85.0, 89.2]",25,6,9,0.24,0.36
2499845,"[6.3, 9.5, 10.9, 17.4, 25.7, 36.5, 40.6, 44.9, 49.3, 51.9, 54.3, 57.9, 60.3, 65.7, 80.2, 81.2, 81.9, 84.5, 86.8, 92.6]",20,8,5,0.4,0.25
2499846,"[1.4, 12.5, 18.8, 35.5, 35.8, 38.6, 42.5, 45.6, 47.9, 52.2, 54.0, 69.3, 71.1, 82.6, 82.7, 86.1, 92.3]",17,6,3,0.35294117647058826,0.17647058823529413
2499847,"[3.3, 6.5, 8.7, 14.3, 17.4, 26.5, 31.5, 32.0, 32.7, 40.2, 44.9, 45.9, 46.2, 51.6, 52.0, 55.0, 60.7, 68.0, 73.2, 75.8, 79.7, 81.6, 83.4, 83.6, 84.6, 85.5, 92.7, 93.6, 94.0]",29,13,6,0.4482758620689655,0.20689655172413793
2499848,"[7.6, 22.7, 25.3, 28.6, 32.8, 37.1, 41.1, 44.2, 51.3, 58.2, 63.3, 86.8, 90.5, 92.7]",14,4,4,0.2857142857142857,0.2857142857142857
2499849,"[3.2, 5.0, 5.6, 15.4, 18.7, 19.7, 26.2, 33.4, 36.4, 36.5, 43.7, 44.1, 44.7, 60.3, 65.0, 68.0, 78.3, 81.3]",18,5,7,0.2777777777777778,0.3888888888888889
2499850,"[2.7, 8.9, 21.1, 26.7, 30.8, 37.7, 38.5, 41.0, 46.5, 50.2, 50.4, 52.8, 53.3, 58.0, 58.0, 61.0, 64.5, 67.8, 69.0, 71.7, 75.6, 79.3, 81.9, 82.9, 86.6]",25,10,4,0.4,0.16
2499851,"[9.5, 13.8, 13.9, 21.5, 22.2, 26.9, 26.9, 37.3, 41.2, 56.2, 58.7, 59.3, 70.3, 71.8, 79.2, 82.5, 84.6, 87.3, 92.0]",19,7,7,0.3684210526315789,0.3684210526315789
2499852,"[4.0, 8.3, 12.4, 15.9, 22.0, 26.0, 27.2, 31.3, 31.3, 33.9, 36.3, 38.2, 41.0, 44.2, 45.9, 54.1, 59.2, 64.7, 65.2, 74.3, 78.1, 82.0, 85.0, 91.6, 93.7]",25,8,7,0.32,0.28
2499853,"[10.1, 15.4, 18.7, 31.1, 44.2, 44.2, 46.7, 47.2, 51.1, 60.9, 62.9, 63.2, 65.1, 65.7, 69.3, 71.9, 72.3, 73.2, 74.1, 75.1, 79.2, 82.5, 83.0, 83.3, 86.0]",25,16,3,0.64,0.12
2499854,"[4.2, 8.1, 13.2, 19.9, 29.0, 30.0, 34.6, 37.6, 41.7, 45.7, 51.4, 55.2, 57.6, 58.2, 62.1, 78.8]",16,2,6,0.125,0.375
2499855,"[12.1, 15.2, 18.0, 19.3, 19.8, 22.0, 22.4, 25.4, 27.4, 33.7, 34.2, 41.0, 44.3, 48.5, 52.5, 54.6, 54.6, 57.1, 57.2, 62.2, 64.3, 65.3, 67.3, 72.2, 72.4, 73.3]",26,7,9,0.2692307692307692,0.34615384615384615
2499856,"[17.6, 27.6, 51.6, 51.9, 56.7, 65.9, 69.3, 75.3, 77.2, 85.2, 88.2]",11,6,2,0.5454545454545454,0.18181818181818182
2499857,"[2.4, 12.5, 13.7, 14.0, 14.0, 16.7, 19.0, 19.4, 23.0, 23.7, 23.7, 33.2, 33.8, 39.0, 39.5, 43.0, 44.0, 47.8, 53.6, 55.7, 55.9, 56.3, 59.5, 59.7, 61.1, 67.6, 69.6, 70.0, 70.8, 74.7, 80.0, 89.1, 95.0]",33,9,11,0.2727272727272727,0.3333333333333333
2499858,"[16.6, 25.6, 27.8, 27.9, 38.0, 42.1, 45.9, 47.9, 51.4, 60.7, 60.9, 63.6, 63.7, 68.3, 72.6, 74.2, 76.5, 81.5, 82.6, 85.2, 89.2, 90.4]",22,13,4,0.5909090909090909,0.18181818181818182
2499859,"[5.3, 11.9, 14.9, 19.5, 19.5, 19.9, 23.0, 27.0, 29.7, 31.8, 31.8, 36.1, 38.0, 41.0, 44.1, 47.1, 49.7, 50.0, 56.8, 56.9, 58.9, 60.1, 70.3, 74.5, 78.0, 80.5, 87.7, 89.4, 93.3]",29,8,9,0.27586206896551724,0.3103448275862069
2499860,"[2.1, 3.6, 10.4, 18.3, 18.4, 19.2, 20.5, 21.4, 31.7, 31.8, 35.4, 36.5, 41.5, 41.6, 43.4, 43.6, 46.4, 48.3, 51.2, 51.2, 51.7, 53.5, 54.7, 55.2, 55.2, 55.5, 62.4, 64.7, 67.7, 79.5, 80.4, 82.6, 84.0, 85.1, 85.7, 87.7, 91.8]",37,11,8,0.2972972972972973,0.21621621621621623
2499861,"[0.8, 3.9, 4.4, 16.4, 29.7, 31.0, 41.7, 47.6, 47.8, 64.7, 65.7, 68.9, 72.4, 83.6, 88.7]",15,6,5,0.4,0.3333333333333333
2499862,"[8.6, 9.1, 10.2, 11.5, 15.6, 16.5, 19.8, 20.3, 31.4, 32.3, 36.7, 36.9, 43.9, 46.4, 55.1, 55.4, 56.5, 60.5, 61.8, 66.1, 68.5, 75.2, 76.0, 83.5, 88.5, 89.2, 91.1]",27,10,8,0.37037037037037035,0.2962962962962963
2499863,"[5.1, 18.8, 25.2, 46.7, 50.5, 58.5, 61.1, 61.8, 72.9, 75.7]",10,4,3,0.4,0.3
2499864,"[5.9, 10.0, 15.7, 18.1, 19.6, 20.8, 37.0, 39.9, 42.0, 48.2, 48.8, 51.0, 51.1, 59.4, 60.4, 60.6, 65.5, 66.5, 68.6, 71.4, 76.0, 86.6, 88.2, 91.4, 91.9, 92.2, 92.6, 94.0]",28,14,6,0.5,0.21428571428571427
2499865,"[2.7, 7.0, 18.3, 24.8, 26.5, 34.9, 36.5, 37.2, 43.5, 44.0, 50.1, 52.4, 54.7, 56.3, 60.6, 62.3, 63.7, 65.8, 67.0, 67.9, 69.4, 70.5, 76.7, 76.8, 78.4, 80.7, 82.5, 90.0]",28,14,5,0.5,0.17857142857142858
2499866,"[2.3, 5.6, 7.9, 10.6, 20.7, 29.8, 31.9, 32.9, 35.1, 39.4, 46.7, 57.8, 60.1, 66.4, 67.4, 81.9, 89.5]",17,5,6,0.29411764705882354,0.35294117647058826
2499867,"[7.0, 12.7, 20.3, 24.7, 36.6, 41.7, 54.2, 58.5, 59.5, 62.6, 72.3, 74.4, 80.9]",13,4,4,0.3076923076923077,0.3076923076923077
2499868,"[6.1, 8.0, 9.1, 11.1, 13.0, 16.3, 18.3, 20.0, 20.8, 21.3, 36.5, 41.0, 41.4, 41.9, 45.6, 47.7, 47.9, 55.6, 55.6, 59.3, 62.3, 62.3, 68.9, 70.0, 79.3, 80.1, 80.8, 82.6, 87.9, 88.8]",30,10,10,0.3333333333333333,0.3333333333333333
2499869,"[1.8, 6.2, 9.1, 12.4, 17.6, 18.9, 19.7, 20.7, 22.3, 22.9, 36.8, 43.5, 44.5, 51.5, 56.3, 56.5, 63.3, 79.0, 81.3]",19,3,10,0.15789473684210525,0.5263157894736842
2499870,"[3.7, 4.6, 5.2, 8.5, 9.5, 15.3, 15.6, 32.3, 36.6, 43.8, 47.2, 47.5, 46.1, 53.9, 54.4, 56.5, 57.0, 58.3, 59.5, 69.1, 73.3, 77.0, 85.3, 86.0, 87.2, 90.9, 94.4, 94.5, 95.7]",29,10,7,0.3448275862068966,0.2413793103448276
2499871,"[7.8, 11.7, 33.0, 34.9, 42.5, 46.4, 49.4, 52.0, 54.7, 55.4, 56.4, 58.5, 59.4, 63.1, 67.9, 70.3, 71.8, 72.1, 72.3, 77.1, 78.3, 79.8, 79.8, 81.8, 85.1]",25,12,2,0.48,0.08
2499872,"[2.1, 9.2, 12.3, 12.4, 14.7, 29.7, 33.3, 38.1, 41.9, 44.4, 45.0, 45.8, 46.7, 46.1, 48.3, 54.1, 54.4, 57.9, 59.3, 64.8, 72.9, 81.0, 86.9, 87.3, 92.9]",25,6,6,0.24,0.24
2499873,"[11.6, 15.3, 16.4, 23.7, 29.7, 30.0, 41.5, 41.7, 42.4, 44.7, 45.2, 46.8, 51.9, 53.7, 65.2, 67.5, 69.7, 75.1, 84.0, 84.0, 93.1]",21,7,6,0.3333333333333333,0.2857142857142857
2499874,"[4.0, 6.3, 8.4, 12.1, 14.3, 15.9, 18.4, 19.6, 23.3, 25.3, 30.0, 30.7, 35.4, 51.0, 59.3, 65.2, 72.0, 72.2, 78.0, 81.8, 93.4]",21,6,11,0.2857142857142857,0.5238095238095238
2499875,"[2.1, 4.3, 15.7, 22.9, 31.5, 31.7, 40.2, 52.5, 52.9, 57.5, 61.2, 65.3, 67.6, 87.3, 91.2]",15,5,4,0.3333333333333333,0.26666666666666666
2499876,"[2.6, 3.8, 21.0, 22.4, 33.5, 38.3, 40.6, 43.0, 54.7, 56.0, 57.1, 57.1, 58.3, 63.8, 66.4, 75.2, 77.0, 80.0, 80.6, 82.5, 84.6, 88.6, 90.7]",23,10,4,0.43478260869565216,0.17391304347826086
2499877,"[11.5, 21.9, 24.0, 31.7, 36.0, 40.5, 43.5, 49.8, 52.4, 53.9, 57.6, 59.6, 60.5, 64.3, 68.0, 72.3, 73.9, 79.9, 82.6, 87.7, 89.7, 90.2, 92.0]",23,11,3,0.4782608695652174,0.13043478260869565
2499878,"[5.8, 12.5, 19.8, 22.9, 26.7, 27.5, 28.0, 32.8, 36.6, 37.3, 44.7, 48.5, 51.8, 56.5, 57.2, 61.7, 66.1, 67.9, 69.9, 82.6, 83.9, 92.0]",22,7,7,0.3181818181818182,0.3181818181818182
2499879,"[1.5, 2.2, 5.8, 19.3, 27.7, 28.2, 34.9, 38.4, 38.5, 41.9, 47.1, 53.5, 68.8, 70.4, 75.1, 76.9, 84.0, 84.2, 86.3, 88.1, 91.9]",21,9,6,0.42857142857142855,0.2857142857142857
2499880,"[9.7, 15.2, 18.9, 22.9, 36.2, 39.9, 42.6, 44.5, 49.5, 59.1, 59.8, 61.0, 61.8, 65.6, 66.7, 67.5, 89.1, 91.5]",18,7,4,0.3888888888888889,0.2222222222222222
2499881,"[5.0, 6.2, 9.4, 13.1, 15.6, 21.7, 24.8, 26.3, 28.5, 36.5, 38.4, 45.8, 50.4, 52.0, 61.0, 62.3, 63.8, 72.4, 82.0, 82.1, 84.4, 86.1, 87.0, 88.8, 89.6]",25,11,9,0.44,0.36
2499882,"[8.2, 8.3, 8.3, 21.9, 22.5, 28.5, 29.7, 38.2, 43.2, 43.9, 45.2, 45.3, 48.6, 50.5, 55.3, 55.4, 59.6, 65.1, 69.3, 77.7, 78.5, 84.4, 89.4, 90.8]",24,7,7,0.2916666666666667,0.2916666666666667
2499883,"[2.7, 2.9, 10.0, 17.3, 20.2, 22.0, 23.3, 24.4, 29.1, 29.9, 41.7, 52.3, 52.3, 60.7, 64.6, 75.3, 82.9, 88.2, 88.2, 88.3, 91.2]",21,8,10,0.38095238095238093,0.47619047619047616
2499884,"[0.9, 2.3, 16.8, 19.5, 20.9, 22.7, 24.9, 29.6, 33.6, 46.4, 54.0, 59.1, 59.2, 59.3, 71.7, 73.6, 80.5, 81.6, 91.6, 93.8]",20,6,8,0.3,0.4
2499885,"[11.8, 15.5, 19.0, 25.0, 26.2, 26.3, 32.7, 34.6, 36.9, 40.5, 43.8, 53.3, 53.3, 60.0, 62.1, 66.5, 67.3, 69.9, 82.5, 92.1]",20,7,6,0.35,0.3
2499886,"[0.9, 1.4, 10.4, 19.3, 20.1, 23.4, 29.4, 30.2, 30.9, 31.0, 37.5, 42.5, 44.2, 46.8, 46.6, 53.1, 53.4, 60.3, 65.8, 68.7, 83.7, 87.5]",22,5,7,0.22727272727272727,0.3181818181818182
2499887,"[9.6, 11.1, 16.2, 18.5, 21.5, 23.3, 29.7, 30.9, 41.8, 41.9, 50.2, 50.7, 55.1, 56.8, 64.7, 82.7, 83.2, 85.7, 90.0]",19,5,7,0.2631578947368421,0.3684210526315789
2499888,"[2.6, 4.5, 5.7, 19.4, 19.9, 20.0, 20.0, 23.6, 24.2, 29.3, 29.4, 35.7, 38.3, 39.6, 49.0, 50.4, 51.3, 51.9, 53.2, 53.5, 59.1, 63.3, 64.4, 69.1, 70.0, 73.2, 74.9, 76.9, 82.9, 86.8]",30,9,11,0.3,0.36666666666666664
2499889,"[2.1, 10.9, 12.0, 18.1, 19.1, 21.3, 24.6, 25.1, 38.2, 39.1, 42.3, 42.9, 43.9, 51.3, 55.3, 58.9, 59.5, 61.4, 65.2, 68.8, 82.2, 85.7, 86.5, 92.8, 92.8]",25,8,8,0.32,0.32
2499890,"[2.8, 4.3, 5.5, 7.8, 7.9, 11.5, 12.7, 22.9, 23.0, 26.3, 30.4, 37.7, 39.8, 45.6, 52.7, 54.0, 55.0, 56.0, 56.1, 58.6, 60.9, 63.0, 65.3, 74.1, 74.7, 78.2, 79.2, 80.5, 82.0, 85.2, 87.3, 87.7]",32,12,10,0.375,0.3125
2499891,"[12.1, 13.3, 19.4, 19.8, 19.9, 22.0, 24.6, 24.6, 32.8, 42.6, 47.9, 52.9, 53.4, 60.5, 60.6, 72.4, 74.3, 87.7, 89.3, 89.9, 91.6]",21,8,8,0.38095238095238093,0.38095238095238093
2499892,"[7.0, 8.7, 14.2, 17.8, 20.5, 24.2, 32.6, 39.6, 42.2, 48.8, 49.4, 52.6, 53.4, 61.5, 66.9, 70.1, 75.0, 75.1, 75.7, 77.2, 79.3, 84.2, 87.3, 90.9, 91.5, 92.5, 94.9]",27,14,6,0.5185185185185185,0.2222222222222222
2499893,"[6.7, 19.2, 20.8, 21.3, 22.9, 27.5, 34.9, 40.7, 46.3, 57.6, 59.7, 63.5, 65.3, 68.9, 75.5, 85.3, 91.3]",17,6,6,0.35294117647058826,0.35294117647058826
2499894,"[5.8, 9.3, 10.1, 10.1, 16.0, 18.1, 26.3, 31.8, 33.2, 34.1, 39.9, 48.0, 49.6, 54.1, 74.7, 77.4, 79.4, 82.7, 83.6, 89.1, 90.4, 93.8]",22,8,7,0.36363636363636365,0.3181818181818182
2499895,"[9.2, 13.7, 23.0, 23.1, 24.6, 26.5, 28.2, 32.7, 34.1, 43.9, 45.5, 51.4, 54.6, 58.0, 58.6, 63.7, 66.3, 66.4, 69.8, 75.0, 79.9, 85.3, 87.1, 89.1, 92.1]",25,10,7,0.4,0.28
2499896,"[3.3, 8.8, 11.1, 16.9, 20.3, 37.9, 39.1, 40.2, 45.1, 45.8, 45.9, 46.4, 50.8, 51.4, 52.0, 53.2, 54.4, 58.3, 63.8, 66.8, 69.9, 71.3, 71.9, 72.8, 74.7, 80.8, 82.8, 85.8, 89.4]",29,11,5,0.3793103448275862,0.1724137931034483
2499897,"[3.2, 5.5, 5.6, 13.7, 20.0, 22.4, 31.1, 48.7, 48.4, 48.5, 49.3, 55.8, 57.6, 65.7, 67.0, 67.1, 67.7, 74.2, 74.4, 76.3, 78.0, 80.4, 87.1, 93.1, 93.3, 94.1]",26,13,6,0.5,0.23076923076923078
2499898,"[4.6, 24.4, 26.9, 34.9, 36.7, 43.2, 45.7, 45.6, 53.9, 56.2, 56.6, 58.7, 73.7, 74.8, 76.3, 76.8, 81.0, 84.4, 90.3, 91.4]",20,8,3,0.4,0.15
2499899,"[3.5, 3.6, 13.5, 21.1, 23.5, 25.4, 28.3, 29.3, 31.9, 42.0, 43.6, 43.6, 47.9, 51.2, 53.0, 55.2, 57.7, 61.0, 61.7, 63.7, 70.1, 72.3, 77.3, 83.0, 88.1, 93.8]",26,9,8,0.34615384615384615,0.3076923076923077
2499900,"[4.7, 6.3, 8.3, 13.7, 14.5, 28.3, 30.4, 35.6, 42.0, 47.9, 52.9, 55.1, 56.8, 57.0, 63.6, 68.4, 72.8, 76.6, 80.5, 80.5, 80.8, 83.5, 83.5]",23,9,6,0.391304347826087,0.2608695652173913
2499901,"[7.7, 10.5, 14.9, 16.2, 16.2, 21.2, 21.2, 26.3, 41.5, 48.8, 52.6, 55.3, 58.8, 68.7, 70.6, 78.1, 80.9, 81.2, 84.0, 86.8, 90.2]",21,8,8,0.38095238095238093,0.38095238095238093
2499902,"[4.7, 4.7, 5.4, 9.5, 9.5, 9.6, 10.6, 13.9, 22.9, 31.2, 34.4, 34.9, 40.3, 40.5, 44.9, 45.9, 45.9, 46.6, 62.2, 65.9, 69.6, 77.1, 77.1, 81.8, 82.4, 86.1, 90.2, 90.9]",28,10,9,0.35714285714285715,0.32142857142857145
2499903,"[0.7, 0.8, 1.4, 4.2, 7.4, 7.5, 8.3, 9.0, 18.2, 22.3, 25.2, 26.1, 29.8, 34.5, 39.1, 42.1, 51.8, 52.4, 52.7, 52.9, 71.4, 71.5, 78.0, 89.5, 94.0]",25,5,13,0.2,0.52
2499904,"[9.2, 14.8, 19.7, 21.5, 25.0, 26.1, 32.0, 42.2, 52.1, 65.6, 70.7, 76.4, 77.0, 78.7, 84.3, 87.4, 88.3, 90.8]",18,9,6,0.5,0.3333333333333333
2499905,"[4.3, 6.4, 14.8, 14.8, 15.2, 22.8, 23.5, 28.2, 36.6, 36.7, 37.9, 40.0, 40.7, 60.0, 62.7, 63.4, 65.4, 75.9, 83.2, 90.2]",20,7,8,0.35,0.4
2499906,"[3.1, 5.9, 13.6, 18.9, 19.0, 21.0, 27.7, 29.2, 32.8, 34.8, 34.9, 42.8, 46.0, 50.4, 54.4, 56.2, 68.3, 70.4, 74.3, 75.0, 85.1, 91.6, 92.6, 94.3]",24,8,8,0.3333333333333333,0.3333333333333333
2499907,"[2.9, 9.7, 20.7, 21.0, 28.8, 36.5, 36.6, 40.2, 48.1, 53.0, 60.1, 64.6, 68.7, 71.2, 76.7, 78.6, 81.0, 85.2]",18,8,5,0.4444444444444444,0.2777777777777778
2499908,"[5.2, 12.9, 16.8, 17.3, 25.3, 27.0, 28.7, 32.4, 33.4, 33.5, 34.5, 38.3, 38.6, 40.0, 43.3, 49.2, 52.3, 60.5, 62.9, 68.2, 68.3, 73.8, 78.5, 88.4, 89.2, 94.5]",26,9,7,0.34615384615384615,0.2692307692307692
2499909,"[3.9, 6.7, 13.3, 15.5, 19.5, 21.1, 22.0, 22.3, 28.9, 39.7, 43.8, 46.9, 47.0, 47.7, 48.4, 50.5, 53.4, 56.4, 62.5, 63.5, 66.0, 69.2, 72.0, 77.7, 77.7, 79.2, 79.9, 80.9, 83.3, 88.1, 88.2, 90.3]",32,14,9,0.4375,0.28125
2499910,"[4.3, 5.4, 15.5, 18.1, 22.5, 25.0, 25.4, 26.7, 39.6, 40.6, 44.4, 45.9, 45.8, 48.8, 53.8, 57.5, 59.4, 61.2, 65.8, 67.5, 72.1, 77.6, 83.6, 84.1, 87.0, 87.1, 90.6, 91.7]",28,11,8,0.39285714285714285,0.2857142857142857
2499911,"[8.0, 8.6, 10.2, 14.6, 15.7, 15.7, 17.8, 19.3, 20.1, 24.0, 24.1, 29.5, 31.2, 34.6, 37.6, 38.0, 41.5, 49.0, 51.3, 52.2, 54.1, 62.0, 64.5, 65.7, 69.2, 79.4, 80.6, 82.7, 85.5, 88.8]",30,9,12,0.3,0.4
2499912,"[4.6, 5.5, 5.7, 6.4, 9.2, 15.0, 15.6, 23.4, 25.7, 26.4, 26.4, 26.5, 26.5, 26.6, 39.4, 40.6, 41.3, 44.1, 46.3, 49.0, 51.4, 55.8, 56.2, 59.2, 62.3, 62.9, 64.0, 88.8, 93.2, 94.1]",30,6,14,0.2,0.4666666666666667
2499913,"[5.8, 8.3, 10.8, 19.3, 22.7, 25.3, 26.0, 30.3, 36.4, 39.1, 46.0, 48.6, 49.8, 51.2, 56.1, 56.7, 57.1, 59.9, 64.1, 65.8, 82.1, 84.6, 86.0, 87.0, 87.8, 93.2]",26,8,7,0.3076923076923077,0.2692307692307692
2499914,"[2.1, 5.5, 11.4, 13.3, 16.1, 20.2, 20.5, 21.2, 36.7, 41.3, 42.2, 46.0, 50.0, 50.1, 50.4, 52.9, 68.4, 74.7, 79.3, 79.6, 89.6, 90.8, 90.8]",23,7,8,0.30434782608695654,0.34782608695652173
2499915,"[0.0, 3.7, 6.4, 7.2, 10.2, 12.9, 16.9, 21.4, 23.5, 24.0, 25.9, 29.3, 30.3, 33.8, 39.5, 40.1, 41.4, 53.6, 55.3, 65.1, 81.0, 85.6, 88.2, 90.4]",24,5,12,0.20833333333333334,0.5
2499916,"[2.6, 3.4, 4.6, 5.6, 7.0, 13.5, 21.3, 23.1, 30.5, 36.4, 38.1, 42.7, 45.9, 46.0, 47.3, 48.7, 50.4, 50.7, 54.8, 56.7, 63.3, 66.6, 69.1, 69.6, 78.8, 80.4, 80.6, 81.1, 82.5, 86.9, 92.5]",31,11,8,0.3548387096774194,0.25806451612903225
2499917,"[17.0, 19.4, 25.1, 28.4, 31.9, 36.5, 39.0, 45.0, 45.0, 47.7, 52.7, 52.8, 56.1, 57.8, 63.0, 81.7, 84.2, 84.6]",18,4,4,0.2222222222222222,0.2222222222222222
2499918,"[10.5, 18.0, 22.9, 25.4, 36.2, 42.0, 43.8, 48.5, 48.9, 50.2, 57.7, 63.5, 68.0, 78.0, 84.0, 88.3, 88.4, 90.9]",18,7,4,0.3888888888888889,0.2222222222222222
2499919,"[5.9, 6.8, 17.8, 20.1, 27.3, 28.0, 31.5, 32.1, 36.4, 48.6, 51.0, 56.3, 56.7, 60.7, 72.2, 73.5, 76.1, 80.4, 80.6, 83.8, 85.1, 86.5, 87.9, 95.2]",24,11,6,0.4583333333333333,0.25
2499920,"[2.6, 7.9, 8.1, 9.5, 13.2, 13.9, 20.5, 23.0, 28.8, 34.3, 44.6, 49.8, 55.6, 59.9, 60.3, 68.8, 80.5, 87.8, 90.4]",19,5,9,0.2631578947368421,0.47368421052631576
2499921,"[1.8, 6.1, 7.8, 8.5, 12.0, 12.5, 20.5, 27.9, 31.4, 33.3, 45.7, 56.3, 58.3, 60.2, 62.1, 68.5, 76.9, 77.0, 79.2, 80.4, 97.5]",21,8,8,0.38095238095238093,0.38095238095238093
2499922,"[7.6, 8.9, 20.7, 23.5, 25.7, 30.1, 44.5, 45.8, 49.2, 52.5, 85.3, 91.2]",12,2,5,0.16666666666666666,0.4166666666666667
2499923,"[0.8, 2.1, 6.1, 10.8, 14.2, 15.9, 20.0, 21.1, 24.7, 27.9, 28.9, 30.0, 34.2, 36.0, 45.1, 51.9, 57.8, 58.0, 66.5, 71.3, 74.9, 75.7, 81.2]",23,5,12,0.21739130434782608,0.5217391304347826
2499924,"[3.1, 6.6, 21.8, 26.2, 29.0, 34.7, 37.6, 41.9, 43.0, 45.5, 49.5, 56.5, 69.3, 70.6, 75.6, 76.1, 80.7, 83.7, 83.8, 89.7]",20,8,5,0.4,0.25
2499925,"[5.8, 15.6, 25.7, 29.4, 36.2, 36.2, 37.5, 39.3, 41.8, 48.2, 48.6, 57.9, 62.4, 62.4, 67.7, 69.8, 74.9, 87.6, 91.9]",19,7,4,0.3684210526315789,0.21052631578947367
2499926,"[3.5, 4.1, 14.4, 27.5, 27.7, 29.4, 34.4, 36.1, 44.5, 45.0, 47.6, 52.0, 58.1, 60.7, 60.8, 63.8, 65.6, 66.8, 66.9, 69.9, 72.7, 75.0, 76.5, 82.2, 82.7, 83.2, 85.3, 89.0, 93.6, 93.6, 93.7]",31,18,6,0.5806451612903226,0.1935483870967742
2499927,"[4.9, 6.0, 9.3, 10.3, 10.3, 22.6, 31.9, 37.3, 43.5, 57.4, 59.8, 77.9, 80.8, 84.4, 85.4, 89.4, 89.4, 90.6]",18,7,6,0.3888888888888889,0.3333333333333333
2499928,"[6.0, 6.9, 7.4, 10.5, 11.2, 15.3, 19.7, 27.5, 29.1, 38.4, 45.8, 55.8, 59.3, 61.6, 62.7, 70.4, 70.5, 72.9, 76.9, 77.0, 92.9]",21,8,9,0.38095238095238093,0.42857142857142855
2499929,"[1.7, 10.3, 13.3, 15.9, 21.9, 22.2, 24.6, 26.8, 28.0, 38.1, 39.6, 44.9, 49.0, 49.1, 49.3, 51.5, 52.3, 57.0, 62.3, 63.8, 69.5, 72.0, 83.0, 85.5, 87.6, 90.8, 91.7, 92.5, 92.5]",29,11,9,0.3793103448275862,0.3103448275862069
2499930,"[4.6, 8.5, 11.6, 21.0, 21.1, 22.5, 27.4, 30.1, 30.1, 31.8, 32.2, 41.7, 42.5, 44.7, 45.2, 45.7, 47.3, 48.7, 51.0, 52.7, 55.9, 58.2, 58.9, 61.0, 64.0, 67.4, 70.3, 72.2, 72.9, 73.8, 78.3, 78.4, 85.0, 85.9, 86.7]",35,12,7,0.34285714285714286,0.2
2499931,"[1.2, 8.0, 16.1, 17.7, 26.7, 27.6, 27.7, 30.2, 31.3, 37.5, 41.7, 46.7, 51.8, 52.4, 54.3, 60.1, 62.3, 66.0, 72.1, 73.6, 75.1, 76.1, 80.4, 81.7, 83.6, 84.6, 87.0, 93.2]",28,13,7,0.4642857142857143,0.25
2499932,"[3.9, 3.9, 4.7, 14.9, 17.3, 17.9, 23.5, 25.0, 26.6, 33.8, 35.1, 37.2, 37.6, 38.7, 40.6, 40.9, 44.8, 46.3, 47.1, 50.5, 56.2, 59.8, 62.9, 64.5, 70.0, 72.0, 78.0, 79.5, 79.6, 80.1, 90.6]",31,9,9,0.2903225806451613,0.2903225806451613
2499933,"[0.9, 21.4, 28.1, 32.8, 46.5, 46.5, 48.4, 49.9, 52.6, 59.3, 62.9, 67.1, 71.1, 74.8, 82.4, 83.2, 91.5]",17,7,3,0.4117647058823529,0.17647058823529413
2499934,"[0.7, 4.3, 7.2, 17.1, 27.3, 28.7, 36.3, 39.1, 41.9, 42.5, 46.5, 47.2, 53.9, 62.5, 66.6, 67.9, 77.7, 81.1, 86.9, 89.0]",20,7,6,0.35,0.3
2499935,"[0.2, 1.5, 5.8, 15.2, 16.4, 26.1, 30.0, 32.6, 40.1, 43.3, 64.8, 67.0, 68.7, 71.4, 78.5, 79.5, 87.3, 89.1, 92.2]",19,9,7,0.47368421052631576,0.3684210526315789
2499936,"[4.6, 5.2, 9.2, 13.4, 14.4, 21.9, 29.5, 31.7, 36.5, 38.0, 40.8, 45.3, 52.4, 68.0, 72.2, 74.3, 78.9, 83.1, 85.8, 86.5, 87.9, 91.1, 92.7]",23,10,7,0.43478260869565216,0.30434782608695654
2499937,"[11.3, 19.2, 39.5, 40.5, 47.7, 49.1, 50.1, 64.3, 67.9, 69.5, 77.4, 82.1, 83.0, 83.8, 83.9, 84.3, 88.2, 88.3]",18,11,2,0.6111111111111112,0.1111111111111111
2499938,"[3.2, 5.3, 9.1, 12.8, 20.8, 22.7, 23.6, 25.0, 29.6, 37.7, 41.0, 44.4, 46.0, 51.6, 54.4, 57.0, 58.6, 67.0, 73.8, 87.0, 89.7, 93.0]",22,5,9,0.22727272727272727,0.4090909090909091
2499939,"[3.5, 7.8, 9.2, 16.5, 22.2, 32.1, 34.3, 36.9, 38.7, 38.8, 39.6, 40.7, 50.5, 51.5, 54.6, 65.0, 65.9, 69.1, 71.9, 73.8, 75.4, 81.3, 84.1, 89.6]",24,9,5,0.375,0.20833333333333334
2499940,"[1.8, 2.3, 7.4, 8.3, 9.2, 10.6, 11.2, 11.3, 11.9, 15.9, 19.4, 19.5, 22.2, 37.1, 37.1, 41.3, 56.6, 60.8, 61.6, 65.1, 71.7, 74.7, 77.4, 78.6, 80.1, 84.2, 93.9]",27,10,13,0.37037037037037035,0.48148148148148145
2499941,"[7.4, 8.5, 20.3, 22.1, 26.8, 31.0, 36.9, 39.1, 42.0, 42.1, 42.1, 42.2, 43.1, 51.3, 55.2, 56.5, 61.2, 68.2, 71.8, 82.0, 83.3, 89.2]",22,6,5,0.2727272727272727,0.22727272727272727
2499942,"[5.2, 8.4, 24.2, 38.5, 39.8, 45.2, 50.1, 53.0, 54.5, 55.9, 60.9, 69.2, 73.4, 89.4]",14,4,3,0.2857142857142857,0.21428571428571427
2499943,"[3.0, 8.8, 14.5, 22.5, 30.9, 34.1, 37.9, 38.5, 40.1, 43.8, 44.1, 46.3, 50.2, 50.7, 55.1, 55.3, 57.4, 58.9, 60.4, 61.1, 67.1, 80.2, 82.0, 83.2, 83.2, 91.0, 92.0]",27,9,4,0.3333333333333333,0.14814814814814814
2499944,"[8.8, 10.7, 16.0, 20.1, 20.8, 24.6, 25.8, 28.9, 35.3, 37.6, 43.9, 44.5, 45.9, 46.1, 53.6, 57.3, 58.8, 61.6, 64.7, 65.5, 65.6, 68.0, 68.8, 71.7, 83.9, 85.2, 85.3, 89.4]",28,11,8,0.39285714285714285,0.2857142857142857
2499945,"[3.0, 8.3, 11.6, 14.7, 17.6, 21.3, 25.5, 34.6, 35.7, 46.4, 48.5, 59.9, 59.9, 67.3, 67.3, 75.5, 92.8]",17,4,7,0.23529411764705882,0.4117647058823529
2499946,"[14.5, 15.1, 20.7, 21.8, 21.9, 22.7, 24.2, 25.2, 28.5, 31.7, 39.5, 47.0, 47.0, 48.4, 52.0, 54.6, 57.6, 58.8, 70.0, 76.2, 76.2, 79.5, 80.8, 83.5, 89.0]",25,7,9,0.28,0.36
2499947,"[13.7, 13.9, 18.1, 18.4, 18.7, 20.0, 22.9, 25.8, 32.6, 36.8, 42.1, 43.8, 46.4, 54.7, 56.7, 57.1, 57.1, 61.3, 63.2, 68.6, 69.9, 73.0, 89.5]",23,6,8,0.2608695652173913,0.34782608695652173
2499948,"[1.4, 3.5, 8.8, 16.9, 18.4, 20.8, 27.6, 27.7, 30.9, 37.0, 37.1, 37.6, 41.0, 42.2, 43.2, 47.7, 48.5, 50.8, 52.0, 54.1, 66.7, 68.5, 71.5, 72.6, 90.0, 90.8, 92.6]",27,7,8,0.25925925925925924,0.2962962962962963
2499949,"[4.6, 5.0, 9.0, 9.3, 11.6, 12.1, 12.7, 14.0, 21.0, 21.5, 23.8, 27.0, 42.4, 46.2, 46.5, 48.0, 48.4, 55.4, 59.7, 71.0, 74.7, 77.2, 78.2, 78.3]",24,5,12,0.20833333333333334,0.5
2499950,"[2.9, 4.4, 5.8, 13.8, 17.1, 24.6, 25.3, 27.4, 28.1, 29.5, 32.1, 40.8, 43.3, 49.8, 61.3, 65.4, 68.5, 76.3, 85.0, 88.3, 89.7, 91.5]",22,8,10,0.36363636363636365,0.45454545454545453
2499951,"[5.5, 6.9, 12.6, 13.7, 17.3, 24.9, 27.9, 38.5, 41.3, 46.1, 52.4, 53.7, 58.8, 64.9, 65.7, 69.3, 74.3, 76.3, 78.5, 80.1, 84.6, 87.1, 92.2, 95.3]",24,11,7,0.4583333333333333,0.2916666666666667
2499952,"[2.4, 6.1, 6.9, 12.9, 27.8, 35.0, 37.3, 44.1, 47.2, 51.6, 69.3, 73.3, 73.4, 76.1, 78.1, 78.3, 79.9, 81.0, 81.4, 83.8, 88.3, 95.9, 96.9]",23,13,5,0.5652173913043478,0.21739130434782608
2499953,"[1.5, 5.2, 7.1, 18.5, 20.4, 24.2, 50.5, 53.6, 61.5, 66.8, 73.4, 79.0, 86.8, 89.1, 90.3]",15,7,6,0.4666666666666667,0.4
2499954,"[1.4, 6.0, 9.9, 14.7, 31.3, 33.3, 33.6, 39.1, 40.5, 42.3, 45.2, 66.1, 68.6, 70.3, 70.3, 71.7, 71.7, 74.4, 75.3, 80.9, 82.5, 83.9, 87.5, 90.8]",24,13,4,0.5416666666666666,0.16666666666666666
2499955,"[0.2, 7.3, 16.0, 17.4, 22.8, 25.8, 29.3, 36.3, 38.8, 40.4, 48.4, 64.4, 65.4, 67.5, 69.2, 69.5, 86.8, 88.2, 89.0, 89.8, 92.3]",21,10,7,0.47619047619047616,0.3333333333333333
2499956,"[7.7, 17.8, 17.8, 27.2, 45.1, 52.7, 55.8, 56.2, 57.4, 61.3, 66.7, 68.4, 72.0, 74.0, 78.0, 82.3, 86.7]",17,8,4,0.47058823529411764,0.23529411764705882
2499957,"[22.5, 29.3, 32.9, 35.4, 40.0, 46.1, 53.7, 57.6, 57.7, 64.7, 69.0, 69.8, 70.6, 71.6, 76.9, 80.2, 81.6, 84.9, 87.1, 90.5, 92.1, 94.0]",22,13,2,0.5909090909090909,0.09090909090909091
2499958,"[2.9, 9.3, 11.7, 13.0, 14.0, 15.7, 25.9, 28.0, 29.9, 32.6, 39.6, 44.2, 56.5, 59.0, 71.0, 72.6, 72.7, 74.2, 74.7, 86.4, 94.6, 96.0]",22,8,9,0.36363636363636365,0.4090909090909091
2499959,"[2.7, 8.8, 16.2, 23.1, 25.1, 26.7, 44.4, 45.1, 53.9, 57.1, 58.9, 68.1, 72.5, 76.3, 80.7, 86.6, 88.1]",17,6,6,0.35294117647058826,0.35294117647058826
2499960,"[6.5, 15.9, 27.3, 29.0, 30.5, 32.1, 33.9, 39.6, 41.0, 41.8, 43.2, 50.3, 56.2, 60.8, 64.4, 70.1, 70.9, 85.8]",18,5,4,0.2777777777777778,0.2222222222222222
2499961,"[2.9, 23.1, 26.0, 26.5, 28.3, 30.5, 44.6, 48.5, 48.6, 50.7, 50.1, 52.3, 54.3, 63.2]",14,1,5,0.07142857142857142,0.35714285714285715
2499962,"[4.0, 11.7, 11.9, 14.5, 23.3, 24.3, 29.7, 32.6, 38.6, 40.7, 50.2, 51.5, 53.1, 58.1, 63.2, 65.6, 66.1, 66.2, 69.7, 71.8, 72.3, 73.5, 79.0, 87.1, 88.3, 91.9]",26,12,7,0.46153846153846156,0.2692307692307692
2499963,"[0.7, 1.2, 4.7, 9.4, 24.2, 26.4, 36.5, 38.2, 45.0, 45.1, 45.3, 76.2, 76.2, 78.6, 84.0, 84.7, 86.2]",17,6,6,0.35294117647058826,0.35294117647058826
2499964,"[12.6, 16.7, 16.7, 27.1, 29.9, 38.7, 39.4, 46.1, 47.8, 48.8, 58.5, 64.1, 64.6, 66.0, 72.3, 75.4, 76.6, 78.8, 79.3, 83.1, 83.6, 84.1, 86.7, 90.9]",24,13,5,0.5416666666666666,0.20833333333333334
2499965,"[0.4, 10.1, 10.9, 12.2, 23.3, 24.8, 27.6, 29.2, 31.9, 39.9, 41.3, 42.6, 44.2, 44.9, 53.4, 63.0, 64.0, 68.1, 69.4, 71.3, 85.5, 86.7, 88.6, 92.7]",24,9,8,0.375,0.3333333333333333
2499966,"[14.0, 16.6, 18.9, 27.3, 30.6, 35.2, 46.4, 51.7, 64.3, 66.2, 67.8, 69.2, 78.7, 83.4, 83.4, 87.5, 87.6, 88.6, 91.2, 91.5]",20,12,4,0.6,0.2
2499967,"[1.0, 3.5, 14.7, 25.7, 25.7, 40.6, 42.2, 54.5, 56.0, 56.7, 57.6, 61.1, 61.2, 64.0, 68.6, 68.7, 78.6, 83.4, 84.4, 89.7]",20,9,5,0.45,0.25
2499968,"[0.2, 0.2, 2.8, 9.2, 11.6, 20.6, 21.8, 23.0, 26.1, 29.9, 30.3, 33.0, 39.7, 45.2, 46.8, 48.9, 54.1, 55.7, 61.6, 64.9, 65.6, 66.5, 68.6, 74.1, 75.4, 76.3, 76.3, 93.6]",28,10,10,0.35714285714285715,0.35714285714285715
2499969,"[3.4, 4.3, 4.5, 4.5, 5.0, 7.3, 16.3, 16.7, 19.6, 21.5, 34.8, 39.5, 45.4, 47.2, 51.5, 56.3, 56.9, 64.9, 65.4, 67.6, 69.9, 76.0, 78.6, 93.5]",24,7,10,0.2916666666666667,0.4166666666666667
2499970,"[5.8, 9.2, 12.1, 12.5, 13.6, 16.1, 18.4, 21.2, 26.5, 31.6, 36.4, 39.2, 39.4, 39.9, 45.3, 50.2, 50.3, 51.7, 55.6, 63.8, 67.0, 73.3, 79.6, 80.8, 91.2]",25,6,9,0.24,0.36
2499971,"[2.8, 7.0, 9.6, 15.0, 17.3, 18.1, 21.8, 24.5, 26.6, 29.5, 31.8, 32.6, 34.5, 38.2, 41.2, 58.7, 66.0, 70.5, 73.2, 74.6, 77.6, 77.6, 85.2, 87.2, 89.4, 89.5]",26,10,10,0.38461538461538464,0.38461538461538464
2499972,"[5.4, 13.2, 13.8, 17.5, 21.3, 25.0, 28.1, 30.9, 36.4, 38.2, 40.9, 48.1, 47.5, 48.2, 49.6, 52.8, 54.0, 56.4, 60.1, 68.8, 70.5, 73.3, 76.5, 81.6, 83.9]",25,7,7,0.28,0.28
2499973,"[5.1, 8.5, 8.5, 12.5, 15.3, 15.8, 21.1, 21.7, 26.7, 30.0, 31.4, 31.4, 42.2, 42.3, 44.4, 45.9, 49.4, 52.1, 58.6, 65.7, 72.1, 74.9, 77.6, 83.1, 84.9, 85.7, 87.2, 87.3, 93.6]",29,10,10,0.3448275862068966,0.3448275862068966
2499974,"[16.2, 23.4, 28.5, 28.5, 52.3, 53.7, 55.8, 57.7, 61.8, 62.8, 63.8, 72.8, 76.5, 83.0, 83.5, 92.7]",16,8,4,0.5,0.25
2499975,"[2.2, 3.9, 16.2, 17.8, 21.1, 27.4, 32.0, 33.4, 39.8, 56.9, 57.0, 61.5, 65.1, 67.0, 70.8, 74.6, 79.6, 90.6]",18,7,6,0.3888888888888889,0.3333333333333333
2499976,"[5.6, 7.7, 10.8, 18.2, 23.7, 26.1, 33.2, 44.9, 45.0, 46.8, 48.0, 48.4, 48.5, 54.2, 64.8, 67.7, 71.5, 72.4]",18,4,6,0.2222222222222222,0.3333333333333333
2499977,"[7.5, 8.3, 8.9, 9.7, 11.1, 17.9, 34.6, 45.2, 46.5, 59.0, 59.6, 61.7, 65.2, 71.4, 73.0, 76.2, 79.2, 80.2, 81.3, 83.2, 83.8, 86.6, 87.3, 90.9, 95.6]",25,14,6,0.56,0.24
2499978,"[3.6, 7.0, 12.4, 20.2, 25.6, 27.8, 32.6, 35.0, 36.2, 37.4, 39.1, 39.6, 42.8, 58.9, 71.8, 81.7, 95.0]",17,3,6,0.17647058823529413,0.35294117647058826
2499979,"[3.8, 5.8, 7.3, 10.8, 17.1, 19.8, 20.9, 23.9, 24.1, 30.8, 34.4, 41.2, 44.8, 46.8, 48.7, 53.7, 56.3, 57.0, 61.7, 62.9, 68.1, 70.3, 77.0, 80.8]",24,6,9,0.25,0.375
2499980,"[7.6, 8.6, 11.8, 12.1, 12.3, 26.6, 33.8, 36.4, 44.9, 45.7, 50.5, 55.2, 58.7, 65.4, 67.5, 73.5, 74.9, 75.0, 77.3, 81.5, 82.0]",21,8,6,0.38095238095238093,0.2857142857142857
2499981,"[6.9, 13.0, 22.9, 26.9, 28.2, 30.7, 32.6, 37.8, 41.7, 43.9, 45.3, 47.9, 60.9, 65.9, 66.9, 79.9, 82.9, 83.2, 89.7]",19,7,5,0.3684210526315789,0.2631578947368421
2499982,"[2.1, 23.4, 24.9, 28.5, 32.5, 40.6, 45.4, 47.7, 51.3, 52.7, 57.1, 57.7, 64.0, 69.9, 75.4, 76.0, 76.9, 85.0, 89.7, 91.2]",20,8,4,0.4,0.2
2499983,"[4.7, 4.8, 6.9, 11.0, 16.4, 28.7, 29.2, 30.0, 31.7, 35.0, 38.0, 45.9, 53.9, 56.1, 64.1, 67.1, 75.4, 76.4, 76.4, 94.0, 94.1]",21,7,8,0.3333333333333333,0.38095238095238093
2499984,"[5.4, 7.6, 14.3, 17.2, 25.4, 28.3, 28.9, 31.9, 40.0, 41.5, 49.7, 58.5, 62.2, 65.4, 70.0, 70.0, 73.4, 73.5, 75.3, 77.4, 84.6]",21,9,7,0.42857142857142855,0.3333333333333333
2499985,"[1.5, 2.6, 4.6, 14.9, 16.3, 22.3, 25.0, 27.9, 31.5, 32.9, 45.3, 47.1, 47.3, 47.7, 50.4, 55.8, 58.1, 59.4, 65.2, 66.4, 67.1, 72.2, 74.7, 76.6, 77.5, 78.9, 84.4, 90.5, 90.8]",29,11,8,0.3793103448275862,0.27586206896551724
2499986,"[3.2, 11.5, 17.9, 31.5, 36.3, 42.5, 43.6, 45.3, 45.4, 49.3, 52.1, 55.1, 60.6, 62.4, 63.1, 66.5, 77.5, 77.7, 79.0, 79.0, 80.9, 84.4, 86.7, 89.0]",24,12,3,0.5,0.125
2499987,"[8.8, 14.0, 17.4, 17.8, 25.0, 26.2, 28.9, 39.9, 48.8, 51.1, 53.1, 57.0, 63.4, 67.5, 69.1, 70.8, 72.0, 75.1, 89.0, 90.2, 92.5]",21,9,7,0.42857142857142855,0.3333333333333333
2499988,"[6.4, 7.0, 10.5, 24.1, 31.7, 36.2, 37.6, 42.8, 52.0, 65.7, 75.4, 77.0, 80.1, 81.1, 88.2]",15,6,4,0.4,0.26666666666666666
2499989,"[2.7, 7.3, 9.7, 10.1, 10.4, 16.1, 19.8, 19.8, 23.3, 36.7, 38.6, 41.4, 43.1, 44.3, 45.1, 56.6, 59.8, 62.4, 64.0, 70.0, 71.2, 73.0, 74.4, 78.3, 79.3, 88.1, 88.3, 93.2, 93.8]",29,12,9,0.41379310344827586,0.3103448275862069
2499990,"[8.2, 10.2, 12.1, 14.1, 22.0, 27.2, 32.5, 37.4, 37.8, 38.9, 41.3, 44.8, 45.2, 58.0, 77.2, 88.3, 88.3]",17,3,6,0.17647058823529413,0.35294117647058826
2499991,"[5.6, 6.0, 6.9, 10.5, 13.0, 13.2, 25.3, 26.5, 43.7, 45.0, 45.1, 47.3, 48.4, 49.5, 51.1, 54.9, 64.5, 68.6, 72.6, 81.9, 82.0, 84.2, 84.7, 89.3, 91.5]",25,9,8,0.36,0.32
2499992,"[3.9, 10.3, 11.8, 11.9, 24.4, 27.2, 47.9, 54.0, 57.6, 60.4, 66.7, 66.8, 66.8, 72.9, 73.5, 74.1, 77.0, 77.9, 81.9, 84.3, 89.7]",21,12,6,0.5714285714285714,0.2857142857142857
2499993,"[9.4, 11.3, 17.8, 28.5, 34.8, 44.3, 44.8, 47.6, 50.4, 53.7, 58.1, 58.2, 72.2, 85.4, 88.1]",15,3,4,0.2,0.26666666666666666
2499994,"[1.9, 3.9, 12.6, 20.6, 24.3, 29.5, 43.0, 46.7, 45.2, 46.3, 51.1, 55.7, 61.6, 78.1, 78.1, 78.2, 79.3, 85.9, 87.9, 88.4, 88.7, 89.3, 91.3]",23,11,6,0.4782608695652174,0.2608695652173913
2499995,"[2.3, 6.8, 14.7, 15.8, 15.9, 18.4, 26.7, 28.9, 31.1, 31.8, 41.4, 50.3, 54.0, 55.9, 56.3, 58.5, 60.2, 61.6, 61.7, 65.5, 67.4, 72.9, 76.1, 78.9, 85.3, 92.0]",26,10,8,0.38461538461538464,0.3076923076923077
2499996,"[3.6, 3.6, 26.5, 27.6, 28.2, 31.1, 34.6, 38.7, 40.9, 43.6, 48.8, 48.9, 54.7, 56.8, 59.3, 61.5, 66.9, 74.8, 76.4, 92.0, 92.4]",21,6,5,0.2857142857142857,0.23809523809523808
2499997,"[5.3, 14.4, 32.4, 36.1, 47.0, 51.6, 54.3, 67.2, 77.2, 78.0, 78.3, 78.9, 86.9, 87.1, 87.9, 92.7]",16,9,2,0.5625,0.125
2499998,"[3.2, 35.0, 35.1, 38.4, 40.7, 41.3, 42.9, 43.8, 47.0, 53.5, 54.2, 55.6, 58.0, 63.7, 65.9, 71.5, 77.2, 79.3, 80.8, 83.9, 84.3, 86.6, 89.9, 90.3, 93.1]",25,12,1,0.48,0.04
2499999,"[3.1, 3.3, 6.7, 9.1, 9.8, 17.0, 17.8, 19.4, 22.4, 25.7, 28.4, 31.6, 37.5, 40.8, 42.3, 45.9, 48.9, 55.2, 56.3, 57.0, 70.2, 79.5, 86.9, 89.6, 90.1, 92.6]",26,6,11,0.23076923076923078,0.4230769230769231
2500000,"[3.9, 7.3, 9.1, 13.7, 16.1, 19.3, 21.6, 27.3, 27.5, 28.2, 28.9, 32.3, 33.0, 33.8, 34.1, 39.5, 41.4, 47.0, 47.6, 48.2, 48.2, 55.5, 63.8, 65.7, 65.8, 66.1, 73.1, 74.5, 77.1, 78.4, 79.1]",31,9,11,0.2903225806451613,0.3548387096774194
2500001,"[4.9, 5.6, 10.4, 17.9, 26.2, 39.8, 47.4, 49.8, 53.6, 54.1, 56.2, 56.4, 65.0, 66.1, 69.7, 73.1, 75.3, 75.4, 76.4, 78.1, 88.9, 90.8, 90.8]",23,11,5,0.4782608695652174,0.21739130434782608
2500002,"[9.9, 13.2, 13.8, 22.7, 23.7, 24.5, 28.6, 29.0, 31.0, 36.2, 54.6, 59.1, 64.5, 68.7, 68.9, 72.0, 72.4, 72.5, 72.5, 73.6, 84.7, 86.2, 87.0, 87.1, 91.0]",25,13,8,0.52,0.32
2500003,"[11.1, 15.2, 17.9, 26.0, 26.1, 27.1, 28.5, 32.6, 39.3, 41.1, 45.3, 51.2, 55.0, 67.0, 72.1, 76.6, 76.9, 80.1, 80.1, 82.1]",20,7,7,0.35,0.35
2500004,"[10.8, 12.8, 13.4, 16.0, 19.2, 26.2, 32.1, 33.8, 45.6, 53.2, 55.1, 57.2, 65.8, 80.9, 92.0, 93.5]",16,4,6,0.25,0.375
2500005,"[2.2, 23.1, 24.1, 26.4, 28.3, 35.3, 42.0, 45.8, 46.5, 45.4, 45.9, 48.4, 50.7, 58.7, 59.5, 60.2, 66.2, 67.0, 67.2, 69.1, 69.9, 71.6, 73.4, 76.1, 81.5, 86.1, 87.8, 88.3, 89.7]",29,14,5,0.4827586206896552,0.1724137931034483
2500006,"[5.9, 7.9, 16.1, 30.6, 31.5, 47.0, 47.4, 47.4, 56.8, 67.6, 69.2, 78.0, 79.8, 84.3, 85.4]",15,6,3,0.4,0.2
2500007,"[11.8, 15.1, 16.5, 25.9, 26.8, 30.2, 36.0, 37.2, 39.6, 46.5, 47.7, 53.0, 53.8, 78.5, 79.8, 83.6, 88.0]",17,4,5,0.23529411764705882,0.29411764705882354
2500008,"[3.9, 6.6, 6.7, 7.5, 19.8, 25.9, 30.7, 30.8, 37.6, 38.3, 46.2, 47.1, 49.8, 50.2, 51.2, 53.3, 64.4, 69.4, 75.1, 75.2, 76.3, 91.5]",22,6,6,0.2727272727272727,0.2727272727272727
2500009,"[3.7, 4.5, 4.6, 6.3, 10.0, 16.2, 26.1, 34.0, 34.6, 38.9, 44.9, 46.3, 56.8, 56.9, 57.8, 61.7, 64.7, 65.5, 67.2, 67.7, 70.7, 74.1, 86.5, 87.9, 90.4]",25,10,7,0.4,0.28
2500010,"[2.0, 5.4, 7.2, 11.1, 16.6, 18.3, 25.9, 26.7, 46.6, 45.9, 47.5, 58.7, 64.2, 70.6, 76.5, 85.6, 88.2, 90.3]",18,6,8,0.3333333333333333,0.4444444444444444
2500011,"[4.3, 8.3, 9.0, 10.1, 11.5, 15.8, 17.3, 22.9, 24.5, 26.9, 30.0, 33.8, 36.3, 37.1, 44.9, 45.3, 46.8, 46.8, 49.5, 50.4, 54.3, 57.9, 60.2, 60.6, 66.5, 74.2, 77.6, 79.8, 80.6, 89.3]",30,8,11,0.26666666666666666,0.36666666666666664
2500012,"[3.3, 7.7, 12.1, 16.7, 21.6, 24.6, 28.6, 33.1, 38.0, 42.4, 44.6, 49.4, 55.1, 68.8, 73.9, 75.6, 77.5, 82.4, 84.7, 90.6, 91.1, 94.2]",22,9,7,0.4090909090909091,0.3181818181818182
2500013,"[2.4, 5.2, 14.5, 16.7, 18.3, 19.1, 21.5, 23.8, 25.1, 30.8, 38.8, 41.2, 43.0, 47.5, 50.4, 56.9, 60.0, 61.3, 63.2, 63.8, 71.4, 73.5, 79.6, 79.7, 85.5, 89.8, 90.5]",27,11,9,0.4074074074074074,0.3333333333333333
2500014,"[13.6, 22.6, 23.7, 28.1, 30.8, 37.9, 40.0, 44.1, 47.7, 50.0, 53.0, 53.5, 63.0, 73.4, 84.8, 89.1, 94.9, 95.4]",18,6,4,0.3333333333333333,0.2222222222222222
2500015,"[1.1, 24.7, 26.4, 28.5, 48.5, 50.7, 51.2, 53.2, 56.1, 58.9, 64.2, 65.2, 65.9, 76.0]",14,4,4,0.2857142857142857,0.2857142857142857
2500016,"[6.3, 9.3, 20.7, 26.0, 40.0, 40.6, 41.3, 49.7, 55.7, 57.6, 57.9, 58.6, 63.1, 72.8, 73.8, 79.4, 81.2, 90.5]",18,6,4,0.3333333333333333,0.2222222222222222
2500017,"[2.8, 7.6, 12.8, 15.9, 20.3, 21.0, 27.2, 34.0, 35.4, 39.1, 41.5, 48.7, 55.8, 61.7, 73.6, 75.5, 80.4, 81.6, 84.0, 86.7, 92.9]",21,8,7,0.38095238095238093,0.3333333333333333
2500018,"[5.4, 12.8, 14.8, 16.4, 20.5, 30.6, 38.4, 39.0, 40.8, 46.7, 55.0, 59.5, 61.9, 65.7, 69.4, 78.2, 80.3, 80.9, 81.0, 83.9]",20,8,5,0.4,0.25
2500019,"[6.2, 9.5, 12.9, 14.1, 17.5, 20.9, 25.0, 26.4, 38.6, 47.5, 47.8, 48.7, 51.7, 53.3, 53.6, 60.9, 67.3, 76.6, 80.6, 96.7, 96.8, 97.0]",22,7,8,0.3181818181818182,0.36363636363636365
2500020,"[5.3, 10.4, 15.3, 30.3, 32.0, 39.4, 50.1, 54.6, 62.0, 63.8, 63.8, 68.0, 68.6, 72.1, 76.8, 81.3, 82.0, 84.5, 86.7, 89.9]",20,12,3,0.6,0.15
2500021,"[1.1, 1.1, 2.4, 17.3, 22.5, 22.5, 39.9, 55.8, 60.4, 62.8, 73.5, 74.9, 78.4, 80.1, 84.5, 85.4, 86.9, 87.7, 89.7, 92.3, 93.7]",21,13,6,0.6190476190476191,0.2857142857142857
2500022,"[6.4, 12.2, 13.0, 13.1, 16.2, 19.8, 21.4, 22.3, 29.6, 33.9, 34.3, 34.7, 35.3, 39.1, 40.5, 48.0, 46.5, 47.9, 52.3, 52.3, 53.7, 55.2, 57.0, 66.2, 78.9, 79.2, 79.7, 82.6, 89.3]",29,6,9,0.20689655172413793,0.3103448275862069
2500023,"[3.5, 8.4, 22.1, 36.1, 38.5, 42.1, 46.0, 48.9, 50.6, 76.0, 76.9, 79.4, 83.0, 83.8, 84.5, 84.6]",16,7,3,0.4375,0.1875
2500024,"[9.0, 9.5, 10.5, 13.3, 15.5, 19.6, 25.7, 27.2, 29.1, 33.0, 33.7, 46.1, 54.1, 54.3, 57.5, 57.6, 60.2, 63.8, 71.4, 71.7, 80.3, 81.9, 86.4, 93.0]",24,8,9,0.3333333333333333,0.375
2500025,"[2.2, 6.5, 9.6, 12.7, 14.7, 25.7, 31.8, 46.1, 51.8, 52.9, 56.0, 57.5, 60.4, 65.6, 67.3, 68.3, 68.3, 68.4, 72.7, 76.7, 82.1, 82.4, 83.0, 85.9, 89.6]",25,13,6,0.52,0.24
2500026,"[6.5, 7.0, 7.3, 25.3, 29.4, 30.7, 34.7, 41.5, 42.4, 43.0, 46.7, 48.2, 51.7, 59.4, 69.2, 71.9, 72.0, 79.7, 85.5, 89.7, 91.1, 93.8, 95.2]",23,9,5,0.391304347826087,0.21739130434782608
2500027,"[6.0, 10.7, 24.5, 26.1, 28.2, 31.5, 32.5, 38.8, 39.6, 39.8, 40.3, 46.7, 50.0, 54.4, 57.9, 58.5, 61.3, 62.9, 63.4, 71.4, 85.8, 89.5, 95.4]",23,7,5,0.30434782608695654,0.21739130434782608
2500028,"[6.6, 10.1, 11.8, 15.8, 19.9, 20.7, 22.4, 22.4, 29.4, 35.0, 35.6, 40.9, 45.3, 46.9, 48.0, 50.4, 54.1, 61.9, 65.3, 69.9, 70.7, 79.4, 83.6]",23,6,9,0.2608695652173913,0.391304347826087
2500029,"[3.1, 3.3, 16.4, 22.1, 28.2, 28.6, 30.2, 39.4, 41.8, 44.0, 56.1, 57.3, 57.4, 65.2, 67.2, 69.9, 70.4, 70.6, 71.4, 76.8, 82.1, 84.7, 84.8, 85.4, 92.6]",25,12,6,0.48,0.24
2500030,"[10.9, 12.3, 17.6, 34.0, 36.7, 37.6, 40.1, 46.0, 48.4, 48.5, 53.1, 54.8, 68.4, 71.2, 80.9, 82.6, 91.6, 95.2]",18,6,3,0.3333333333333333,0.16666666666666666
2500031,"[8.2, 9.0, 9.9, 17.7, 24.8, 27.9, 29.2, 39.1, 41.4, 43.4, 44.6, 45.2, 46.3, 46.7, 58.7, 59.9, 61.4, 63.8, 65.3, 65.4, 68.3, 70.4, 75.2, 84.7, 93.8]",25,9,7,0.36,0.28
2500032,"[7.9, 10.7, 10.8, 14.5, 22.2, 27.5, 28.6, 37.8, 40.6, 42.9, 42.9, 43.4, 48.8, 50.3, 57.5, 58.2, 82.5, 83.7, 88.4, 94.0]",20,4,7,0.2,0.35
2500033,"[4.0, 10.4, 11.4, 12.6, 16.0, 17.0, 19.8, 20.1, 21.3, 26.9, 26.9, 31.7, 33.1, 36.8, 38.9, 54.3, 55.4, 62.3, 65.5, 71.0, 73.9, 83.6, 86.9]",23,6,11,0.2608695652173913,0.4782608695652174
2500034,"[4.4, 10.4, 10.8, 15.5, 19.8, 30.1, 40.5, 44.4, 54.6, 56.7, 58.8, 59.0, 70.8, 79.3]",14,2,5,0.14285714285714285,0.35714285714285715
2500035,"[2.9, 6.9, 13.9, 13.9, 15.4, 21.0, 23.9, 25.4, 27.9, 32.2, 38.4, 40.1, 41.3, 45.7, 58.3, 64.0, 65.9, 68.6, 79.6]",19,4,9,0.21052631578947367,0.47368421052631576
2500036,"[8.3, 10.0, 10.4, 11.9, 14.5, 18.5, 19.7, 21.3, 22.1, 40.0, 42.2, 44.0, 44.0, 45.3, 51.3, 53.1, 59.1, 59.8, 61.2, 63.0, 68.0, 72.1, 73.0, 73.0, 76.6, 79.3, 81.1, 82.0, 83.5, 89.2]",30,12,9,0.4,0.3
2500037,"[3.3, 6.3, 8.8, 12.7, 21.9, 22.5, 24.5, 26.4, 29.7, 33.4, 33.9, 37.6, 38.2, 38.8, 39.1, 41.2, 43.9, 47.0, 47.0, 48.4, 51.1, 57.2, 61.9, 76.2, 88.9, 89.4, 91.4]",27,5,9,0.18518518518518517,0.3333333333333333
2500038,"[3.3, 8.9, 16.9, 21.2, 26.5, 32.0, 36.4, 36.7, 44.6, 44.9, 48.3, 58.2, 64.1, 65.1, 67.7, 72.8, 72.8, 83.4, 85.9]",19,7,5,0.3684210526315789,0.2631578947368421
2500039,"[0.7, 2.0, 5.6, 6.9, 15.4, 17.6, 21.9, 28.5, 30.0, 32.5, 35.1, 36.0, 41.5, 41.6, 45.9, 48.2, 48.8, 52.6, 54.8, 58.5, 60.8, 64.5, 69.3, 70.6, 72.7, 73.7, 74.6, 76.7, 85.1, 88.5]",30,10,9,0.3333333333333333,0.3
2500040,"[7.2, 8.2, 16.1, 28.0, 32.4, 37.7, 39.3, 42.3, 44.9, 47.2, 47.3, 52.1, 53.4, 56.2, 62.2, 63.3, 68.1, 73.4, 75.4, 77.8, 78.7, 81.1, 85.5, 91.7]",24,10,4,0.4166666666666667,0.16666666666666666
2500041,"[0.4, 2.8, 4.0, 6.6, 6.8, 7.7, 12.3, 28.5, 32.0, 36.6, 36.6, 45.6, 50.8, 52.0, 59.7, 61.4, 62.8, 64.6, 78.4, 79.9, 80.4, 81.7, 86.0, 87.3, 91.0, 93.4]",26,11,8,0.4230769230769231,0.3076923076923077
2500042,"[2.7, 3.6, 13.4, 20.5, 21.0, 28.3, 30.2, 35.2, 35.6, 40.6, 46.0, 46.9, 50.5, 54.2, 59.4, 68.3, 72.4, 75.4, 76.2, 79.0, 80.5, 85.5, 87.3, 88.7, 91.7, 93.5, 93.9]",27,12,6,0.4444444444444444,0.2222222222222222
2500043,"[5.8, 8.3, 11.1, 12.3, 15.0, 15.6, 22.0, 29.0, 41.7, 43.8, 69.0, 73.2, 73.2, 75.7, 86.5, 87.5]",16,6,8,0.375,0.5
2500044,"[2.6, 3.0, 15.2, 17.7, 34.1, 57.3, 57.9, 58.7, 59.5, 59.7, 74.7, 78.1, 83.1, 86.8]",14,4,4,0.2857142857142857,0.2857142857142857
2500045,"[3.1, 19.9, 21.2, 24.8, 30.0, 32.8, 35.7, 40.5, 42.1, 48.7, 50.2, 52.7, 54.3, 59.5, 68.6, 73.5, 82.5, 86.3, 88.7, 89.6, 94.8]",21,7,5,0.3333333333333333,0.23809523809523808
2500046,"[10.7, 11.8, 12.7, 22.9, 26.1, 33.0, 45.6, 51.7, 56.7, 67.6, 68.3, 73.3, 74.9, 76.5, 76.5, 84.3, 85.9, 91.7, 93.1, 94.6]",20,11,5,0.55,0.25
2500047,"[7.1, 9.1, 13.2, 13.7, 14.4, 21.9, 31.0, 33.1, 34.4, 42.8, 46.1, 51.2, 54.0, 60.1, 69.9, 72.6, 82.6, 86.6, 94.9]",19,6,6,0.3157894736842105,0.3157894736842105
2500048,"[4.2, 9.9, 11.5, 11.7, 14.0, 17.3, 19.7, 39.4, 48.1, 48.2, 48.6, 50.4, 53.4, 53.6, 55.7, 63.4, 70.1, 74.6, 77.6, 82.2, 82.3, 85.1, 85.2]",23,8,7,0.34782608695652173,0.30434782608695654
2500049,"[5.5, 5.5, 8.2, 13.8, 26.0, 33.5, 44.7, 47.0, 47.6, 50.6, 54.1, 55.2, 56.1, 61.4, 61.5, 66.6, 68.1, 68.3, 71.3, 76.8, 82.6]",21,8,5,0.38095238095238093,0.23809523809523808
2500050,"[3.1, 4.6, 4.6, 6.1, 11.6, 12.4, 13.0, 13.0, 13.1, 17.4, 19.5, 22.8, 23.5, 32.8, 33.6, 46.3, 48.9, 51.1, 60.4, 67.7, 82.0, 82.8, 88.2, 92.0]",24,6,13,0.25,0.5416666666666666
2500051,"[7.9, 28.9, 33.6, 35.6, 37.9, 66.0, 66.0, 69.0, 81.3, 90.4, 92.1]",11,6,2,0.5454545454545454,0.18181818181818182
2500052,"[2.9, 6.4, 6.4, 7.7, 17.2, 20.5, 21.4, 25.3, 34.2, 44.5, 55.5, 56.8, 61.9, 64.0, 68.1, 70.0, 73.3, 79.4, 81.4, 81.6, 81.9, 83.1, 84.6, 88.1, 89.1, 91.6]",26,14,8,0.5384615384615384,0.3076923076923077
2500053,"[6.4, 11.1, 12.8, 18.5, 24.2, 24.3, 25.1, 32.0, 35.7, 37.1, 45.1, 46.0, 48.1, 52.3, 55.2, 61.4, 65.5, 69.0, 72.3, 74.3, 80.4, 92.1]",22,7,7,0.3181818181818182,0.3181818181818182
2500054,"[4.1, 8.8, 13.7, 16.7, 20.1, 24.4, 28.8, 35.1, 38.2, 39.3, 40.7, 64.7, 66.2, 67.7, 74.2, 76.8, 82.4, 84.2, 84.5, 91.3]",20,9,7,0.45,0.35
2500055,"[9.4, 14.1, 20.8, 26.8, 28.2, 35.9, 36.9, 37.6, 41.3, 45.1, 45.7, 45.9, 53.1, 54.4, 54.6, 55.0, 59.3, 69.3, 73.5, 74.1, 77.9, 80.0, 80.8, 87.2, 90.1, 90.3]",26,9,5,0.34615384615384615,0.19230769230769232
2500056,"[5.6, 9.7, 10.9, 18.4, 20.9, 21.5, 21.5, 25.5, 30.3, 33.1, 39.5, 42.3, 42.3, 45.7, 49.0, 50.5, 52.7, 56.3, 64.8, 66.7, 69.1, 70.9, 74.3, 74.4, 77.1]",25,7,8,0.28,0.32
2500057,"[3.0, 6.9, 7.8, 8.5, 19.0, 21.1, 28.3, 30.9, 32.2, 41.8, 41.8, 63.2, 64.4, 70.5, 71.1, 71.5, 71.5, 74.4, 82.5, 84.5, 86.9, 91.7]",22,11,7,0.5,0.3181818181818182
2500058,"[2.3, 2.7, 11.4, 14.7, 31.2, 32.8, 33.9, 35.0, 35.9, 40.7, 46.0, 50.1, 55.8, 59.2, 61.2, 61.6, 62.9, 65.8, 78.2, 78.3, 78.3, 83.5, 89.6, 93.8]",24,10,4,0.4166666666666667,0.16666666666666666
2500059,"[10.2, 15.3, 23.0, 23.3, 25.1, 26.5, 27.5, 30.1, 36.8, 42.1, 44.0, 47.5, 64.5, 65.2, 68.7, 69.8, 81.4, 85.2, 87.0]",19,7,7,0.3684210526315789,0.3684210526315789
2500060,"[8.7, 12.1, 14.1, 15.7, 20.2, 22.6, 24.7, 31.0, 34.7, 49.7, 47.6, 50.7, 54.1, 54.8, 55.3, 56.3, 60.8, 62.7, 62.7, 63.2, 63.2, 71.9, 73.9, 78.5, 81.3, 83.2, 84.4, 88.7, 91.4]",29,13,7,0.4482758620689655,0.2413793103448276
2500061,"[17.8, 19.3, 19.6, 22.4, 24.4, 27.0, 29.2, 30.2, 31.6, 48.9, 47.2, 55.0, 57.8, 71.6, 72.8, 74.5, 84.1, 85.8, 87.2]",19,6,7,0.3157894736842105,0.3684210526315789
2500062,"[5.2, 8.2, 11.9, 29.8, 46.2, 48.2, 49.1, 61.1, 73.7, 75.4, 76.1, 78.6, 79.8, 82.6, 82.7, 82.7, 82.8, 86.8, 88.2, 88.6, 89.6, 89.6, 94.5]",23,16,4,0.6956521739130435,0.17391304347826086
2500063,"[2.4, 16.3, 21.2, 24.4, 30.4, 34.1, 38.5, 45.0, 48.5, 50.1, 52.9, 54.3, 63.2, 68.6, 71.8]",15,3,4,0.2,0.26666666666666666
2500064,"[6.5, 14.7, 14.7, 16.2, 17.8, 27.1, 36.3, 39.0, 56.5, 56.6, 57.2, 69.7, 80.9, 89.2, 92.1, 92.2]",16,5,6,0.3125,0.375
2500065,"[11.1, 15.8, 29.9, 32.0, 34.3, 44.3, 46.0, 47.1, 50.4, 53.3, 55.9, 63.1, 78.3, 79.2, 81.5, 82.7, 83.7, 86.3, 87.6, 90.6]",20,9,3,0.45,0.15
2500066,"[0.7, 1.9, 10.2, 15.9, 16.5, 21.0, 26.7, 26.9, 53.1, 53.6, 61.5, 61.5, 65.7, 65.8, 74.5, 78.8, 83.9, 87.7, 92.5, 92.6, 93.8]",21,11,8,0.5238095238095238,0.38095238095238093
2500067,"[2.4, 4.4, 23.1, 23.1, 23.9, 34.2, 36.3, 39.8, 42.0, 44.9, 48.1, 67.4, 68.8, 70.6, 71.5, 79.4, 79.9]",17,6,5,0.35294117647058826,0.29411764705882354
2500068,"[3.6, 10.6, 17.3, 21.4, 23.4, 35.0, 41.4, 43.8, 49.2, 55.6, 62.3, 69.5, 71.3, 78.2, 78.2, 85.2, 85.9, 87.8, 92.3]",19,9,5,0.47368421052631576,0.2631578947368421
2500069,"[14.4, 18.8, 23.6, 23.6, 23.6, 28.3, 33.5, 36.7, 38.8, 42.2, 43.4, 45.6, 48.5, 62.2, 62.3, 68.1, 83.9]",17,4,6,0.23529411764705882,0.35294117647058826
2500070,"[1.1, 3.1, 5.3, 8.0, 8.8, 14.7, 16.5, 23.0, 28.7, 37.3, 51.0, 53.0, 58.3, 69.0, 70.4, 80.9, 83.9, 83.9, 86.0]",19,6,9,0.3157894736842105,0.47368421052631576
2500071,"[16.6, 19.9, 27.9, 28.3, 29.8, 34.3, 35.9, 36.2, 38.6, 45.5, 56.6, 60.4, 77.0, 83.1, 94.3]",15,4,5,0.26666666666666666,0.3333333333333333
2500072,"[5.0, 10.2, 19.1, 20.2, 27.4, 28.0, 40.4, 49.3, 53.5, 54.7, 57.7, 61.5, 62.4, 65.7, 66.2, 66.9, 83.5, 87.8, 88.2, 89.4, 92.6, 93.3]",22,11,6,0.5,0.2727272727272727
2500073,"[3.5, 7.6, 14.9, 15.8, 15.8, 19.4, 29.1, 35.1, 37.2, 43.4, 47.0, 50.6, 52.6, 53.0, 54.9, 61.4, 68.7, 71.8, 78.8, 82.4, 88.5, 90.9]",22,7,7,0.3181818181818182,0.3181818181818182
2500074,"[11.9, 16.4, 23.8, 26.6, 27.4, 28.1, 33.8, 42.3, 44.4, 44.9, 45.4, 52.7, 60.1, 61.6, 63.8, 68.6, 70.1, 70.2, 72.8, 75.9, 81.0, 84.5, 86.8, 94.0]",24,12,6,0.5,0.25
2500075,"[13.4, 13.4, 24.5, 29.4, 31.0, 32.0, 36.8, 39.0, 43.5, 43.6, 45.1, 50.1, 51.8, 51.9, 53.7, 56.8, 61.6, 67.6, 67.6, 69.2, 70.3, 85.4, 88.0, 89.9, 90.0, 90.3, 93.5]",27,11,4,0.4074074074074074,0.14814814814814814
2500076,"[3.5, 12.0, 16.6, 22.6, 26.7, 44.3, 51.0, 67.5, 70.5, 71.7, 72.8, 76.0, 76.3, 77.1, 79.4, 85.6, 88.1, 89.4]",18,11,5,0.6111111111111112,0.2777777777777778
2500077,"[0.2, 3.5, 8.0, 15.5, 20.6, 25.2, 30.6, 35.7, 37.4, 37.5, 40.9, 43.1, 47.8, 55.7, 67.5, 69.6, 78.0, 87.0, 89.5, 90.5, 91.3, 94.7, 94.7]",23,9,6,0.391304347826087,0.2608695652173913
2500078,"[8.5, 12.1, 19.6, 21.0, 21.7, 26.2, 37.2, 42.6, 45.7, 46.5, 52.1, 58.3, 60.4, 61.2, 63.7, 76.0, 76.5, 76.8, 81.0]",19,7,6,0.3684210526315789,0.3157894736842105
2500079,"[4.7, 11.3, 11.4, 11.5, 13.8, 15.8, 18.6, 20.8, 25.9, 30.5, 36.4, 39.8, 46.1, 45.4, 47.5, 56.1, 57.9, 66.8, 72.7, 73.7, 79.8, 84.6, 94.7]",23,6,9,0.2608695652173913,0.391304347826087
2500080,"[7.4, 13.8, 32.2, 33.2, 43.0, 47.1, 45.7, 48.6, 53.0, 54.2, 59.6, 62.9, 63.3, 66.9, 72.9, 73.5, 74.0, 80.2, 87.9]",19,8,2,0.42105263157894735,0.10526315789473684
2500081,"[6.2, 6.4, 6.6, 10.0, 12.5, 19.4, 23.0, 23.2, 27.5, 28.2, 39.7, 49.1, 52.6, 56.6, 64.8, 68.7, 70.7, 71.7, 74.9, 77.3, 78.7, 82.8, 86.1, 90.5, 91.6]",25,11,10,0.44,0.4
2500082,"[2.4, 13.9, 15.6, 20.6, 23.1, 30.0, 30.1, 30.7, 31.8, 35.1, 45.7, 48.6, 49.7, 55.9, 60.9, 75.3, 78.9, 87.9, 93.2, 94.8]",20,6,6,0.3,0.3
2500083,"[2.7, 12.6, 19.4, 27.5, 27.6, 31.0, 55.6, 61.4, 65.1, 78.1, 81.6, 85.0, 85.9, 95.1]",14,7,5,0.5,0.35714285714285715
2500084,"[5.3, 10.2, 12.6, 16.5, 28.6, 30.0, 32.3, 33.1, 38.7, 39.5, 41.9, 44.5, 45.7, 47.7, 61.9, 63.7, 70.8, 83.4, 85.7, 87.7, 87.8, 88.1, 88.1, 93.3, 94.3]",25,11,6,0.44,0.24
2500085,"[5.6, 9.8, 11.0, 12.6, 19.8, 29.5, 34.6, 37.7, 40.5, 67.9, 68.9, 77.4, 79.4, 83.2, 84.8, 86.2, 87.9, 90.6, 93.2]",19,10,6,0.5263157894736842,0.3157894736842105
2500086,"[7.4, 9.8, 14.5, 21.9, 30.8, 31.8, 35.2, 54.6, 58.0, 64.0, 67.4, 69.5, 73.1, 76.9, 78.4, 83.9, 85.6, 90.5, 93.5]",19,10,4,0.5263157894736842,0.21052631578947367
2500087,"[2.0, 5.2, 5.2, 5.2, 14.3, 26.6, 27.5, 31.0, 38.8, 53.8, 54.4, 56.5, 69.1, 71.0, 73.2, 81.4, 87.8, 88.9, 92.6]",19,7,7,0.3684210526315789,0.3684210526315789
2500088,"[6.3, 18.2, 23.4, 23.9, 29.0, 29.3, 43.4, 44.1, 47.1, 50.2, 50.9, 57.8, 57.8, 66.3, 87.7, 88.6, 91.7, 91.8, 94.0, 94.8, 95.4, 95.4]",22,9,6,0.4090909090909091,0.2727272727272727
2500089,"[20.7, 22.1, 24.9, 25.4, 27.5, 28.6, 38.4, 38.5, 40.6, 45.0, 46.6, 46.6, 49.3, 50.0, 56.4, 56.8, 68.0, 72.9, 73.0, 82.8, 88.2, 89.1, 92.3]",23,7,6,0.30434782608695654,0.2608695652173913
2500090,"[6.2, 9.6, 11.8, 17.6, 25.6, 25.7, 39.0, 55.1, 55.6, 56.1, 61.2, 69.1, 74.0, 77.4, 79.0, 80.1]",16,6,6,0.375,0.375
2500091,"[2.8, 3.6, 4.8, 4.9, 10.7, 13.1, 18.7, 26.2, 27.3, 29.4, 37.5, 53.3, 53.4, 55.4, 59.5, 60.4, 63.7, 70.7, 77.8, 79.1, 80.7, 81.5, 85.7, 87.3, 90.2, 92.5]",26,11,10,0.4230769230769231,0.38461538461538464
2500092,"[5.4, 6.1, 18.6, 19.6, 22.0, 25.4, 26.9, 28.3, 29.1, 29.1, 32.8, 34.5, 35.1, 36.0, 39.6, 41.2, 48.4, 49.4, 49.4, 52.4, 52.6, 57.6, 84.9]",23,1,10,0.043478260869565216,0.43478260869565216
2500093,"[11.6, 15.3, 30.9, 33.3, 43.3, 44.1, 46.0, 46.5, 71.1, 73.7, 77.7, 81.1]",12,4,2,0.3333333333333333,0.16666666666666666
2500094,"[8.7, 8.9, 9.9, 20.5, 22.4, 22.5, 23.7, 23.8, 26.5, 33.8, 46.3, 51.6, 58.1, 58.1, 61.3, 62.7, 68.1, 69.7, 73.8, 81.4, 83.6, 88.9]",22,8,9,0.36363636363636365,0.4090909090909091
2500095,"[6.2, 7.1, 10.8, 20.1, 21.0, 24.4, 25.4, 38.6, 42.2, 53.0, 55.3, 59.9, 60.0, 60.4, 61.3, 69.4, 77.2, 93.0]",18,6,7,0.3333333333333333,0.3888888888888889
2500096,"[11.1, 13.4, 13.4, 13.9, 17.7, 19.2, 21.8, 23.5, 30.5, 30.8, 40.2, 45.5, 57.5, 59.6, 65.6, 69.8, 72.5, 72.6, 73.3, 74.3, 74.8, 75.2, 77.1, 77.1, 77.2, 81.6, 83.7, 83.8, 83.8, 86.7, 89.0]",31,17,8,0.5483870967741935,0.25806451612903225
2500097,"[3.1, 6.4, 12.5, 12.8, 15.2, 15.6, 18.1, 22.9, 23.1, 25.1, 29.3, 35.7, 38.8, 40.4, 43.6, 46.5, 46.8, 48.6, 55.7, 59.5, 59.8, 65.1, 67.4, 68.8, 70.3, 72.8, 75.6, 77.0, 77.1, 94.9]",30,9,11,0.3,0.36666666666666664
2500098,"[0.8, 3.1, 5.5, 9.2, 9.4, 24.8, 25.4, 30.5, 31.3, 34.9, 35.5, 38.1, 40.1, 44.4, 45.4, 58.2, 62.9, 72.5, 72.8, 73.0, 74.0, 75.2, 77.2, 77.9, 81.6, 84.6, 84.7]",27,11,7,0.4074074074074074,0.25925925925925924
