teamId,eventMinArray,teamName,earlyGameDensity,lateGameDensity
1609,"[1.6, 7.1, 13.6, 21.4, 21.7, 25.8, 26.4, 26.8, 37.6, 46.9, 46.9, 48.9, 58.7, 61.6, 67.4, 69.2, 70.5, 73.3, 73.7, 73.9, 78.3, 80.4, 80.8, 82.2, 84.2, 84.6, 95.0, 18.9, 20.0, 27.3, 32.4, 34.1, 35.8, 42.4, 57.0, 58.4, 59.9, 66.3, 67.1, 67.5, 69.4, 69.5, 77.3, 77.7, 93.7, 6.7, 41.4, 46.0, 48.4, 61.9, 68.4, 80.9, 88.3, 5.7, 11.6, 17.3, 26.9, 36.8, 39.9, 49.5, 55.3, 56.7, 59.6, 71.0, 71.9, 78.3, 86.7, 92.1, 15.4, 16.5, 19.7, 31.3, 35.1, 37.0, 37.1, 40.7, 40.7, 89.3, 10.9, 19.1, 50.9, 53.1, 68.8, 69.7, 74.2, 78.0, 81.0, 81.4, 86.1, 89.1, 1.1, 1.1, 6.5, 6.8, 12.3, 15.8, 15.9, 16.0, 27.9, 33.1, 41.3, 41.6, 48.3, 51.3, 55.1, 58.9, 60.8, 61.3, 61.5, 65.0, 66.6, 92.7, 28.1, 38.6, 42.6, 42.7, 43.7, 62.8, 69.6, 88.7, 93.1, 2.4, 4.6, 9.0, 9.0, 15.9, 16.2, 17.4, 31.2, 31.2, 39.0, 39.0, 39.1, 40.1, 43.1, 45.0, 52.7, 55.0, 62.8, 73.2, 79.9, 82.5, 83.5, 85.4, 88.3, 89.4, 94.8, 4.7, 5.4, 7.3, 17.6, 18.8, 20.3, 26.2, 40.6, 50.5, 50.6, 54.6, 57.1, 60.0, 63.5, 65.1, 71.3, 85.1, 88.3, 4.3, 9.6, 45.8, 54.7, 64.1, 4.6, 28.9, 36.0, 41.0, 69.1, 70.2, 75.4, 83.1, 86.8, 87.2, 89.1, 91.6, 92.2, 7.1, 18.4, 26.3, 31.1, 31.2, 31.3, 40.1, 42.1, 42.7, 48.7, 50.2, 61.4, 63.3, 68.3, 79.1, 79.7, 88.2, 2.7, 8.9, 26.7, 30.8, 41.0, 46.5, 50.4, 58.0, 58.0, 61.0, 67.8, 69.0, 71.7, 75.6, 79.3, 81.9, 82.9, 86.6, 19.2, 20.5, 21.4, 31.7, 31.8, 35.4, 36.5, 41.5, 41.6, 43.4, 43.6, 46.4, 48.3, 51.7, 53.5, 54.7, 55.2, 55.2, 55.5, 64.7, 67.7, 79.5, 80.4, 82.6, 84.0, 85.1, 85.7, 87.7, 91.8, 15.7, 22.9, 31.5, 31.7, 40.2, 52.9, 57.5, 67.6, 87.3, 8.2, 8.3, 8.3, 21.9, 22.5, 28.5, 29.7, 38.2, 43.2, 43.9, 45.2, 48.6, 50.5, 55.3, 55.4, 69.3, 77.7, 78.5, 84.4, 2.8, 7.8, 7.9, 11.5, 12.7, 22.9, 23.0, 26.3, 30.4, 37.7, 39.8, 45.6, 52.7, 54.0, 58.6, 60.9, 63.0, 65.3, 74.1, 74.7, 85.2, 87.7, 3.5, 3.6, 28.3, 42.0, 53.0, 55.2, 57.7, 61.0, 63.7, 77.3, 83.0, 93.8, 8.0, 8.6, 15.7, 15.7, 19.3, 20.1, 24.0, 24.1, 29.5, 34.6, 38.0, 62.0, 65.7, 69.2, 80.6, 7.4, 15.3, 27.5, 29.1, 38.4, 59.3, 61.6, 62.7, 70.4, 70.5, 72.9, 92.9, 15.9, 21.9, 22.2, 38.1, 39.6, 51.5, 62.3, 63.8, 85.5, 87.6, 90.8, 91.7, 7.8, 9.2, 16.5, 22.2, 32.1, 34.3, 36.9, 51.5, 71.9, 81.3, 89.6, 4.6, 5.0, 9.0, 9.3, 12.1, 12.7, 14.0, 21.0, 21.5, 23.8, 55.4, 71.0, 74.7, 78.2, 78.3, 29.0, 32.1, 41.0, 41.8, 43.2, 56.2, 64.4, 5.8, 9.2, 12.5, 13.6, 16.1, 18.4, 31.6, 36.4, 39.2, 39.4, 39.9, 45.3, 55.6, 73.3, 8.8, 17.8, 39.9, 67.5, 90.2, 92.5, 12.1, 22.0, 37.4, 37.8, 41.3, 44.8, 45.2, 58.0, 3.1, 3.3, 37.5, 42.3, 45.9, 48.9, 56.3, 57.0, 79.5, 86.9, 89.6, 90.1, 92.6, 2.0, 7.2, 16.6, 18.3, 26.7, 45.9, 58.7, 64.2, 76.5, 85.6, 6.4, 33.9, 34.3, 34.7, 46.5, 52.3, 52.3, 55.2, 66.2, 78.9, 79.2, 79.7, 82.6, 22.1, 28.2, 28.6, 30.2, 39.4, 41.8, 44.0, 56.1, 57.3, 57.4, 65.2, 70.4, 70.6, 71.4, 76.8, 82.1, 84.7, 84.8, 85.4, 92.6, 28.0, 32.4, 37.7, 39.3, 44.9, 47.2, 47.3, 52.1, 75.4, 77.8, 81.1, 4.1, 13.7, 16.7, 20.1, 24.4, 35.1, 38.2, 40.7, 66.2, 82.4, 84.2, 84.5, 91.3, 8.7, 22.6, 24.7, 31.0, 34.7, 49.7, 47.6, 50.7, 54.1, 54.8, 55.3, 56.3, 71.9, 78.5, 81.3, 83.2, 84.4, 88.7, 91.4, 14.9, 19.4, 35.1, 43.4, 47.0, 50.6, 54.9, 68.7, 7.4, 13.8, 32.2, 33.2, 43.0, 47.1, 45.7, 53.0, 54.2, 63.3, 66.9, 74.0, 80.2, 87.9, 3.6, 18.7, 26.2, 29.4, 37.5, 79.1, 80.7, 81.5]",Arsenal,0.2732342007434944,0.3587360594795539
1610,"[10.7, 33.0, 40.4, 44.1, 44.6, 47.1, 48.8, 53.0, 59.0, 61.2, 63.4, 68.1, 79.5, 84.3, 87.3, 4.3, 20.0, 51.2, 70.0, 70.8, 73.0, 87.2, 2.7, 9.6, 11.8, 12.6, 12.7, 13.1, 26.4, 39.5, 41.8, 47.1, 53.3, 58.6, 60.0, 68.7, 79.4, 85.1, 85.3, 89.6, 1.4, 33.8, 35.8, 40.8, 45.7, 49.7, 53.1, 53.9, 56.5, 65.1, 67.7, 79.9, 81.7, 86.3, 91.5, 2.6, 20.8, 21.7, 22.5, 46.4, 47.7, 53.4, 59.9, 63.1, 78.9, 79.4, 85.0, 86.0, 1.4, 29.3, 77.0, 81.4, 86.1, 2.5, 25.4, 60.8, 89.4, 17.6, 33.4, 49.5, 51.5, 57.8, 58.3, 61.0, 65.8, 67.6, 71.1, 72.1, 72.4, 75.7, 90.4, 11.0, 15.9, 22.0, 23.1, 29.1, 39.9, 40.4, 46.9, 70.8, 79.2, 81.6, 86.6, 94.5, 7.3, 8.5, 18.0, 23.9, 25.7, 27.2, 30.8, 33.5, 43.2, 43.2, 43.6, 50.7, 53.6, 63.3, 67.6, 82.4, 87.3, 1.7, 11.1, 12.2, 12.8, 17.3, 18.0, 18.1, 28.2, 31.3, 36.4, 39.3, 48.0, 53.1, 54.1, 74.5, 75.2, 81.3, 13.7, 16.5, 16.6, 19.5, 22.7, 37.3, 55.6, 62.0, 69.3, 81.6, 20.4, 23.0, 23.7, 23.7, 39.9, 41.9, 50.4, 81.7, 84.6, 12.1, 15.2, 18.0, 19.3, 19.8, 22.0, 22.4, 25.4, 27.4, 33.7, 34.2, 41.0, 44.3, 48.5, 52.5, 54.6, 54.6, 57.1, 57.2, 62.2, 64.3, 67.3, 73.3, 9.1, 15.6, 16.5, 19.8, 20.3, 31.4, 32.3, 36.7, 36.9, 46.4, 55.1, 55.4, 56.5, 61.8, 66.1, 68.5, 75.2, 76.0, 83.5, 12.5, 19.8, 22.9, 27.5, 28.0, 32.8, 37.3, 48.5, 51.8, 56.5, 57.2, 61.7, 67.9, 69.9, 82.6, 83.9, 92.0, 15.2, 18.9, 22.9, 36.2, 39.9, 42.6, 44.5, 49.5, 59.1, 59.8, 66.7, 67.5, 14.2, 17.8, 20.5, 24.2, 32.6, 39.6, 42.2, 48.8, 49.4, 52.6, 53.4, 66.9, 70.1, 75.0, 75.1, 77.2, 79.3, 87.3, 90.9, 91.5, 92.5, 94.9, 4.7, 4.7, 9.5, 9.5, 9.6, 10.6, 13.9, 22.9, 34.4, 34.9, 40.3, 40.5, 45.9, 45.9, 46.6, 62.2, 65.9, 69.6, 77.1, 77.1, 81.8, 82.4, 86.1, 90.9, 4.3, 5.4, 18.1, 22.5, 25.0, 25.4, 26.7, 39.6, 40.6, 44.4, 45.9, 45.8, 48.8, 57.5, 59.4, 61.2, 65.8, 67.5, 77.6, 83.6, 84.1, 87.0, 87.1, 2.6, 7.9, 8.1, 9.5, 13.2, 13.9, 20.5, 23.0, 28.8, 34.3, 44.6, 55.6, 59.9, 60.3, 68.8, 80.5, 87.8, 90.4, 1.7, 10.3, 13.3, 24.6, 26.8, 28.0, 44.9, 49.0, 49.1, 49.3, 52.3, 57.0, 69.5, 72.0, 83.0, 92.5, 92.5, 1.8, 2.3, 11.9, 15.9, 41.3, 60.8, 61.6, 65.1, 71.7, 74.7, 77.4, 78.6, 80.1, 84.2, 93.9, 2.9, 5.8, 17.1, 25.3, 27.4, 28.1, 40.8, 43.3, 76.3, 85.0, 88.3, 14.5, 29.7, 32.6, 38.6, 40.7, 51.5, 58.1, 69.7, 71.8, 72.3, 73.5, 79.0, 87.1, 88.3, 91.9, 11.1, 46.5, 80.2, 81.3, 86.6, 95.6, 7.3, 17.1, 19.8, 20.9, 23.9, 24.1, 34.4, 41.2, 44.8, 48.7, 53.7, 61.7, 62.9, 68.1, 70.3, 77.0, 80.8, 3.6, 3.6, 28.2, 31.1, 34.6, 40.9, 43.6, 48.8, 48.9, 56.8, 59.3, 76.4, 92.0, 53.2, 80.9, 93.5, 4.3, 8.3, 9.0, 10.1, 15.8, 17.3, 22.9, 24.5, 30.0, 33.8, 36.3, 37.1, 44.9, 45.3, 49.5, 50.4, 54.3, 60.2, 60.6, 66.5, 74.2, 77.6, 79.8, 80.6, 5.3, 10.4, 15.3, 32.0, 39.4, 50.1, 54.6, 62.0, 68.0, 68.6, 81.3, 82.0, 84.5, 86.7, 89.9, 9.0, 17.7, 27.9, 29.2, 41.4, 43.4, 46.3, 46.7, 58.7, 63.8, 68.3, 70.4, 75.2, 93.8, 2.7, 3.6, 20.5, 21.0, 28.3, 30.2, 35.2, 35.6, 40.6, 46.0, 50.5, 54.2, 59.4, 68.3, 75.4, 79.0, 80.5, 85.5, 87.3, 88.7, 91.7, 93.5, 93.9, 9.4, 14.1, 26.8, 28.2, 36.9, 45.1, 45.7, 45.9, 54.4, 54.6, 55.0, 69.3, 73.5, 74.1, 77.9, 80.0, 80.8, 5.2, 8.2, 11.9, 29.8, 46.2, 48.2, 61.1, 73.7, 75.4, 78.6, 79.8, 82.6, 82.7, 82.7, 82.8, 86.8, 88.2, 88.6, 89.6, 89.6, 94.5, 3.5, 12.0, 16.6, 44.3, 67.5, 70.5, 72.8, 79.4, 13.9, 15.6, 30.7, 31.8, 35.1, 49.7, 55.9, 60.9, 75.3, 78.9, 51.6, 61.3, 68.1, 69.7, 83.6, 88.9]",Chelsea,0.2909090909090909,0.3836363636363636
1611,"[11.1, 14.6, 15.2, 24.6, 24.9, 30.6, 32.9, 37.5, 49.0, 52.0, 61.0, 61.3, 62.0, 62.8, 65.2, 65.2, 70.6, 74.4, 85.3, 86.9, 89.5, 3.4, 6.9, 9.1, 19.8, 28.6, 35.6, 41.7, 44.3, 44.3, 55.9, 61.8, 67.4, 77.6, 79.8, 81.1, 83.5, 0.4, 12.0, 17.8, 18.7, 19.8, 23.6, 27.3, 28.5, 30.1, 34.8, 40.7, 46.5, 69.5, 71.4, 73.7, 81.4, 81.4, 93.9, 23.3, 26.7, 31.0, 45.1, 45.1, 47.0, 46.1, 47.3, 56.8, 56.9, 65.2, 66.3, 76.0, 80.9, 83.9, 90.2, 93.5, 3.3, 25.5, 33.9, 37.8, 50.9, 69.2, 73.8, 75.2, 77.7, 82.9, 88.8, 88.9, 4.5, 11.1, 19.1, 19.1, 63.3, 65.4, 78.6, 2.4, 10.2, 12.4, 13.3, 34.6, 40.7, 42.4, 43.2, 45.3, 46.9, 48.0, 57.2, 70.5, 73.1, 80.5, 85.2, 1.8, 5.4, 29.2, 31.1, 42.8, 42.9, 5.5, 18.4, 19.7, 29.6, 47.4, 53.2, 75.5, 77.3, 93.5, 37.0, 53.8, 54.6, 54.7, 64.2, 70.6, 72.6, 78.3, 78.6, 80.8, 89.6, 7.8, 15.6, 15.7, 29.5, 67.7, 68.1, 86.0, 89.1, 89.2, 6.5, 11.8, 16.0, 17.5, 19.9, 25.0, 36.7, 45.5, 45.9, 49.2, 53.3, 57.2, 57.6, 70.0, 89.3, 90.0, 2.1, 13.5, 34.8, 44.1, 44.2, 48.0, 52.5, 65.9, 67.9, 80.3, 81.0, 88.4, 15.4, 18.7, 31.1, 44.2, 44.2, 47.2, 65.1, 65.7, 72.3, 73.2, 74.1, 75.1, 82.5, 86.0, 2.1, 3.6, 10.4, 18.3, 18.4, 51.2, 51.2, 62.4, 44.7, 45.2, 46.8, 65.2, 75.1, 84.0, 84.0, 0.9, 24.9, 59.1, 59.2, 59.3, 71.7, 91.6, 4.6, 26.9, 34.9, 45.7, 56.2, 56.6, 58.7, 91.4, 0.7, 0.8, 1.4, 4.2, 7.4, 7.5, 9.0, 18.2, 22.3, 29.8, 34.5, 39.1, 51.8, 52.9, 71.4, 71.5, 78.0, 5.5, 13.3, 16.1, 20.2, 20.5, 21.2, 36.7, 41.3, 42.2, 46.0, 50.0, 50.1, 50.4, 52.9, 68.4, 74.7, 79.3, 79.6, 89.6, 90.8, 90.8, 3.1, 26.2, 29.0, 34.7, 37.6, 41.9, 43.0, 45.5, 56.5, 69.3, 76.1, 80.7, 89.7, 14.9, 25.0, 26.6, 33.8, 37.2, 37.6, 38.7, 40.6, 40.9, 44.8, 46.3, 47.1, 50.5, 56.2, 59.8, 62.9, 64.5, 78.0, 79.5, 79.6, 80.1, 8.8, 25.8, 28.9, 35.3, 37.6, 44.5, 53.6, 57.3, 58.8, 61.6, 64.7, 65.5, 65.6, 68.0, 71.7, 83.9, 89.4, 12.6, 17.3, 38.5, 41.3, 46.1, 53.7, 64.9, 65.7, 74.3, 78.5, 80.1, 87.1, 2.8, 20.6, 29.9, 30.3, 46.8, 55.7, 5.6, 7.7, 10.8, 18.2, 23.7, 26.1, 33.2, 46.8, 48.0, 48.4, 48.5, 54.2, 64.8, 67.7, 71.5, 72.4, 16.4, 31.7, 35.0, 38.0, 45.9, 53.9, 56.1, 67.1, 76.4, 76.4, 94.0, 94.1, 26.5, 27.6, 38.7, 54.7, 61.5, 66.9, 74.8, 92.4, 5.6, 39.8, 49.8, 53.6, 54.1, 56.2, 56.4, 66.1, 73.1, 75.3, 75.4, 88.9, 90.8, 90.8, 13.6, 23.7, 37.9, 84.8, 10.1, 19.9, 20.7, 22.4, 22.4, 35.0, 40.9, 45.3, 46.9, 48.0, 50.4, 54.1, 61.9, 65.3, 69.9, 70.7, 4.4, 10.4, 10.8, 15.5, 19.8, 30.1, 40.5, 44.4, 54.6, 56.7, 79.3, 48.7, 52.7, 54.3, 59.5, 68.6, 6.4, 18.5, 25.1, 32.0, 37.1, 45.1, 46.0, 52.3, 65.5, 69.0, 74.3, 92.1, 15.3, 23.0, 25.1, 26.5, 27.5, 36.8, 42.1, 47.5, 64.5, 65.2, 68.7, 69.8, 3.5, 7.6, 15.8, 15.8, 29.1, 37.2, 52.6, 53.0, 61.4, 71.8, 78.8, 82.4, 88.5, 90.9, 23.0, 23.2, 39.7, 49.1, 68.7, 70.7, 71.7, 74.9, 77.3, 78.7, 82.8, 86.1, 90.5, 91.6, 11.6, 15.3, 30.9, 33.3, 46.0, 71.1, 77.7]",Manchester United,0.27682403433476394,0.3648068669527897
1612,"[28.3, 37.7, 47.3, 48.2, 56.9, 63.5, 64.1, 69.3, 70.6, 76.2, 85.1, 97.4, 9.4, 14.1, 27.4, 34.4, 40.1, 53.5, 56.0, 58.6, 58.9, 59.0, 69.8, 69.9, 69.9, 72.1, 81.6, 84.5, 88.4, 88.8, 88.9, 88.9, 90.5, 90.6, 5.3, 9.7, 15.8, 16.3, 18.7, 24.7, 31.4, 33.7, 34.7, 39.3, 52.6, 53.9, 54.0, 56.5, 60.2, 69.2, 77.0, 86.5, 90.7, 1.3, 17.1, 23.0, 30.1, 1.0, 7.6, 17.6, 17.9, 19.7, 21.0, 23.4, 29.2, 36.1, 36.2, 37.2, 41.2, 43.2, 46.7, 47.9, 46.3, 49.1, 51.0, 53.1, 56.4, 57.7, 58.5, 59.0, 60.2, 63.4, 70.9, 73.4, 77.0, 82.3, 83.8, 85.1, 89.3, 91.5, 92.2, 93.0, 12.4, 12.6, 12.7, 15.0, 24.5, 24.6, 31.7, 32.2, 42.2, 46.0, 55.1, 56.7, 60.3, 60.6, 65.7, 66.0, 66.3, 67.1, 74.8, 79.1, 81.1, 84.4, 4.8, 15.8, 17.5, 22.8, 22.9, 22.9, 28.7, 32.8, 47.8, 49.5, 49.5, 51.6, 56.1, 83.7, 84.6, 87.9, 6.2, 9.7, 13.8, 15.4, 18.2, 33.9, 33.9, 40.3, 48.3, 49.6, 54.2, 54.3, 55.9, 66.1, 75.2, 82.5, 90.8, 93.2, 19.9, 23.6, 27.5, 36.0, 42.4, 66.6, 67.6, 71.5, 72.9, 77.6, 77.9, 91.3, 14.9, 26.3, 31.1, 39.6, 41.8, 49.1, 55.6, 56.9, 57.7, 62.2, 66.0, 74.6, 87.1, 89.9, 1.5, 21.0, 23.6, 48.1, 55.9, 55.9, 67.6, 68.9, 75.0, 80.3, 83.2, 85.1, 86.0, 87.8, 7.9, 8.0, 8.2, 9.0, 21.4, 21.8, 30.9, 40.8, 46.8, 51.8, 53.0, 53.8, 62.0, 67.1, 67.4, 67.4, 83.8, 90.9, 1.9, 9.6, 14.3, 26.6, 28.2, 40.6, 49.4, 53.1, 54.1, 62.2, 64.4, 77.7, 80.9, 90.3, 16.6, 25.6, 38.0, 42.1, 45.9, 51.4, 60.9, 72.6, 76.5, 81.5, 82.6, 85.2, 89.2, 0.8, 3.9, 4.4, 29.7, 31.0, 41.7, 47.8, 64.7, 65.7, 88.7, 2.1, 9.2, 12.3, 12.4, 14.7, 29.7, 33.3, 38.1, 41.9, 44.4, 45.0, 45.8, 46.1, 48.3, 54.1, 54.4, 57.9, 59.3, 64.8, 72.9, 81.0, 86.9, 87.3, 92.9, 11.1, 16.2, 18.5, 23.3, 30.9, 41.8, 41.9, 55.1, 56.8, 64.7, 83.2, 85.7, 90.0, 2.1, 10.9, 12.0, 19.1, 21.3, 24.6, 25.1, 39.1, 42.3, 43.9, 51.3, 58.9, 65.2, 68.8, 82.2, 85.7, 86.5, 92.8, 92.8, 13.5, 21.1, 23.5, 25.4, 29.3, 31.9, 43.6, 43.6, 47.9, 51.2, 61.7, 70.1, 72.3, 88.1, 5.8, 10.8, 22.7, 25.3, 26.0, 30.3, 39.1, 46.0, 49.8, 51.2, 56.1, 56.7, 57.1, 64.1, 65.8, 82.1, 84.6, 86.0, 87.0, 87.8, 6.1, 10.8, 14.2, 15.9, 20.0, 21.1, 24.7, 27.9, 28.9, 30.0, 36.0, 45.1, 51.9, 58.0, 71.3, 74.9, 75.7, 1.2, 16.1, 17.7, 26.7, 30.2, 31.3, 41.7, 46.7, 51.8, 52.4, 54.3, 60.1, 66.0, 72.1, 73.6, 75.1, 83.6, 93.2, 3.0, 8.8, 14.5, 30.9, 37.9, 38.5, 43.8, 46.3, 55.1, 55.3, 57.4, 58.9, 60.4, 61.1, 67.1, 82.0, 22.5, 29.3, 32.9, 46.1, 53.7, 57.6, 57.7, 64.7, 69.0, 70.6, 71.6, 76.9, 80.2, 81.6, 84.9, 87.1, 90.5, 92.1, 94.0, 2.7, 8.8, 23.1, 25.1, 26.7, 44.4, 45.1, 53.9, 57.1, 58.9, 68.1, 72.5, 76.3, 80.7, 2.2, 17.8, 21.1, 32.0, 33.4, 65.1, 70.8, 90.6, 5.4, 7.6, 25.4, 31.9, 41.5, 49.7, 62.2, 65.4, 70.0, 70.0, 73.4, 73.5, 75.3, 77.4, 84.6, 2.3, 6.8, 18.4, 28.9, 31.1, 31.8, 50.3, 54.0, 55.9, 56.3, 60.2, 61.6, 61.7, 67.4, 72.9, 76.1, 78.9, 85.3, 92.0, 11.1, 15.2, 17.9, 26.0, 26.1, 27.1, 32.6, 39.3, 41.1, 51.2, 55.0, 67.0, 80.1, 80.1, 22.6, 28.1, 30.8, 40.0, 44.1, 47.7, 50.0, 53.0, 53.5, 63.0, 73.4, 89.1, 94.9, 95.4, 3.5, 22.1, 38.5, 42.1, 46.0, 48.9, 76.0, 76.9, 83.0, 83.8, 84.5, 84.6, 10.7, 10.8, 14.5, 22.2, 27.5, 28.6, 37.8, 40.6, 42.9, 42.9, 43.4, 48.8, 50.3, 82.5, 83.7, 8.3, 11.1, 15.0, 15.6, 29.0, 41.7, 43.8, 69.0, 73.2, 73.2, 2.9, 6.4, 6.4, 17.2, 20.5, 21.4, 25.3, 34.2, 44.5, 55.5, 61.9, 64.0, 68.1, 70.0, 73.3, 79.4, 88.1, 89.1, 91.6, 3.6, 10.6, 23.4, 41.4, 62.3, 71.3, 85.2, 92.3, 5.0, 10.2, 20.2, 27.4, 28.0, 40.4, 49.3, 54.7, 61.5, 62.4, 65.7, 66.2, 66.9, 83.5, 88.2, 89.4, 92.6, 93.3, 2.4, 20.6, 23.1, 30.0, 30.1, 45.7, 48.6, 87.9, 93.2, 94.8, 5.4, 6.1, 18.6, 19.6, 22.0, 25.4, 26.9, 28.3, 29.1, 29.1, 32.8, 34.5, 35.1, 39.6, 41.2, 48.4, 49.4, 49.4, 52.6, 57.6, 84.9]",Liverpool,0.2916666666666667,0.36666666666666664
1613,"[4.7, 48.9, 79.6, 82.7, 86.2, 1.1, 15.8, 40.3, 44.7, 67.4, 67.9, 70.5, 80.7, 83.3, 89.0, 92.6, 7.2, 17.4, 35.1, 38.6, 42.0, 49.8, 50.8, 49.1, 62.8, 71.9, 75.1, 76.0, 84.9, 85.9, 90.1, 92.3, 4.5, 4.6, 7.5, 26.3, 29.1, 32.9, 34.7, 45.7, 53.0, 63.9, 72.3, 72.4, 73.7, 74.4, 75.7, 0.7, 18.7, 21.5, 26.4, 33.3, 33.3, 39.2, 45.2, 54.9, 55.8, 58.4, 67.7, 78.6, 88.1, 1.8, 6.5, 21.1, 30.5, 46.0, 61.6, 67.2, 78.6, 83.5, 89.7, 89.8, 90.8, 2.7, 4.5, 6.9, 12.0, 35.4, 47.2, 87.0, 91.3, 8.5, 18.6, 19.5, 19.5, 42.8, 44.7, 46.1, 50.3, 50.3, 62.1, 66.0, 69.5, 76.2, 77.9, 88.2, 88.7, 95.0, 95.1, 10.0, 25.5, 33.0, 71.8, 73.0, 77.3, 85.5, 9.9, 16.9, 40.0, 49.7, 52.6, 70.6, 76.3, 81.8, 85.8, 89.8, 92.0, 92.5, 2.0, 4.8, 12.0, 13.3, 15.6, 18.8, 20.3, 25.2, 28.1, 31.9, 34.3, 39.0, 45.8, 48.7, 67.4, 79.1, 90.2, 9.9, 13.1, 17.7, 18.5, 21.6, 38.5, 43.2, 47.9, 48.0, 66.6, 78.0, 92.5, 4.4, 10.6, 21.2, 22.7, 35.3, 35.7, 40.6, 55.0, 56.7, 66.3, 80.3, 85.0, 4.2, 8.1, 13.2, 29.0, 30.0, 34.6, 51.4, 57.6, 58.2, 78.8, 8.6, 10.2, 11.5, 43.9, 60.5, 88.5, 89.2, 91.1, 4.0, 6.3, 14.3, 35.4, 51.0, 72.0, 72.2, 78.0, 93.4, 15.5, 19.0, 25.0, 32.7, 34.6, 36.9, 43.8, 53.3, 53.3, 62.1, 66.5, 82.5, 92.1, 4.3, 5.5, 55.0, 56.0, 56.1, 78.2, 79.2, 80.5, 82.0, 87.3, 16.8, 17.3, 32.4, 33.4, 33.5, 38.6, 52.3, 60.5, 73.8, 0.0, 33.8, 81.0, 88.2, 90.4, 36.2, 36.2, 39.3, 48.2, 48.6, 57.9, 62.4, 62.4, 69.8, 87.6, 91.9, 4.6, 5.2, 9.2, 13.4, 14.4, 21.9, 29.5, 31.7, 36.5, 45.3, 72.2, 83.1, 92.7, 3.0, 8.3, 11.6, 17.6, 21.3, 25.5, 48.5, 67.3, 67.3, 75.5, 1.4, 66.1, 71.7, 71.7, 87.5, 90.8, 12.6, 16.7, 16.7, 29.9, 38.7, 39.4, 47.8, 58.5, 64.1, 64.6, 72.3, 78.8, 79.3, 5.1, 12.5, 15.8, 21.1, 21.7, 31.4, 31.4, 83.1, 85.7, 93.6, 4.7, 4.8, 6.9, 11.0, 28.7, 29.2, 30.0, 64.1, 75.4, 10.1, 10.4, 16.1, 19.8, 19.8, 36.7, 44.3, 45.1, 64.0, 70.0, 71.2, 78.3, 28.5, 45.3, 72.1, 76.6, 76.9, 82.1, 1.1, 24.7, 28.5, 48.5, 50.7, 51.2, 53.2, 56.1, 6.0, 10.7, 26.1, 28.2, 39.6, 40.3, 46.7, 57.9, 58.5, 61.3, 71.4, 85.8, 95.4, 6.9, 13.9, 13.9, 15.4, 21.0, 25.4, 27.9, 32.2, 38.4, 40.1, 41.3, 45.7, 65.9, 68.6, 79.6, 2.6, 3.0, 17.7, 57.3, 57.9, 74.7, 86.8, 8.8, 28.8, 39.3, 64.7, 67.7, 74.2, 76.8, 21.2, 30.4, 38.5, 48.5, 52.9, 63.2, 68.6, 71.8, 16.4, 27.4, 33.8, 42.3, 44.4, 44.9, 61.6, 70.1, 70.2, 72.8, 75.9, 81.0, 84.5, 86.8, 14.3, 31.0, 54.4, 56.5, 71.0, 73.2, 87.8, 88.9, 92.6, 8.7, 8.9, 9.9, 20.5, 22.4, 22.5, 23.7, 23.8, 26.5, 33.8, 46.3, 58.1, 58.1, 62.7, 73.8, 81.4]",Newcastle United,0.32682926829268294,0.375609756097561
1619,"[1.4, 3.5, 6.4, 17.5, 19.1, 20.8, 23.8, 24.7, 34.8, 34.9, 35.9, 36.6, 47.3, 47.4, 50.9, 60.7, 61.0, 67.1, 69.3, 78.1, 78.9, 82.0, 86.4, 88.9, 92.2, 49.5, 57.5, 62.0, 71.5, 79.4, 82.2, 86.4, 92.3, 10.5, 28.0, 50.6, 63.1, 84.4, 90.6, 52.0, 57.2, 59.1, 59.1, 73.0, 78.1, 82.9, 90.0, 91.7, 3.6, 5.4, 11.1, 18.4, 19.8, 21.3, 43.8, 44.8, 55.6, 63.7, 78.9, 88.6, 9.8, 22.4, 23.9, 27.1, 46.4, 50.5, 56.0, 59.5, 61.3, 66.5, 68.3, 71.0, 77.5, 7.6, 11.7, 17.5, 23.1, 28.5, 35.3, 47.8, 53.4, 56.6, 58.3, 68.0, 71.1, 74.2, 74.7, 74.8, 83.5, 93.1, 94.9, 95.2, 96.1, 13.9, 15.8, 21.9, 28.6, 35.5, 36.1, 39.4, 41.7, 48.9, 58.8, 65.0, 3.9, 13.4, 20.4, 22.1, 23.9, 28.2, 41.9, 42.4, 46.7, 49.3, 50.7, 51.4, 63.8, 67.5, 71.1, 74.4, 79.8, 84.8, 93.4, 6.1, 34.1, 47.3, 53.3, 69.1, 79.5, 5.2, 25.5, 29.6, 33.9, 38.6, 41.6, 53.4, 55.2, 55.7, 56.8, 62.7, 78.7, 79.2, 89.9, 47.9, 50.3, 71.2, 6.3, 10.9, 17.4, 25.7, 36.5, 40.6, 49.3, 51.9, 54.3, 57.9, 60.3, 65.7, 81.9, 86.8, 92.6, 13.7, 16.7, 33.2, 33.8, 69.6, 70.0, 74.7, 5.3, 11.9, 14.9, 27.0, 31.8, 31.8, 44.1, 47.1, 58.9, 60.1, 70.3, 78.0, 80.5, 89.4, 2.1, 4.3, 52.5, 61.2, 65.3, 91.2, 0.9, 1.4, 29.4, 42.5, 46.8, 60.3, 65.8, 83.7, 87.5, 7.0, 8.7, 61.5, 75.7, 84.2, 22.8, 23.5, 36.6, 36.7, 37.9, 40.0, 40.7, 60.0, 75.9, 83.2, 90.2, 2.6, 23.1, 42.7, 46.0, 47.3, 50.4, 54.8, 63.3, 69.1, 69.6, 78.8, 80.4, 80.6, 81.1, 86.9, 92.5, 6.6, 21.8, 49.5, 70.6, 75.6, 83.7, 83.8, 0.2, 1.5, 15.2, 16.4, 26.1, 32.6, 43.3, 71.4, 92.2, 13.7, 13.9, 20.0, 22.9, 25.8, 32.6, 43.8, 68.6, 0.2, 7.3, 25.8, 36.3, 40.4, 48.4, 65.4, 86.8, 88.2, 12.2, 23.3, 24.8, 27.6, 31.9, 39.9, 42.6, 44.2, 44.9, 53.4, 63.0, 64.0, 68.1, 69.4, 71.3, 86.7, 92.7, 7.0, 12.4, 20.2, 27.8, 36.2, 37.4, 39.1, 39.6, 42.8, 81.7, 95.0, 14.3, 17.2, 28.3, 28.9, 40.0, 58.5, 11.8, 11.9, 24.4, 47.9, 54.0, 72.9, 73.5, 74.1, 77.0, 77.9, 81.9, 89.7, 28.3, 35.3, 45.8, 45.4, 45.9, 58.7, 59.5, 66.2, 67.0, 69.1, 69.9, 71.6, 73.4, 76.1, 81.5, 86.1, 88.3, 26.4, 58.9, 64.2, 65.2, 65.9, 76.0, 6.5, 29.4, 30.7, 42.4, 43.0, 51.7, 59.4, 71.9, 72.0, 79.7, 89.7, 93.8, 10.4, 14.5, 19.7, 40.0, 42.2, 45.3, 51.3, 59.1, 61.2, 68.0, 79.3, 81.1, 82.0, 89.2, 7.2, 8.2, 16.1, 42.3, 53.4, 56.2, 62.2, 63.3, 68.1, 73.4, 78.7, 85.5, 91.7, 20.8, 35.9, 37.6, 41.3, 53.1, 59.3, 87.2, 90.1, 90.3, 17.8, 36.3, 39.0, 56.5, 56.6, 57.2, 89.2, 13.4, 13.4, 24.5, 29.4, 31.0, 32.0, 39.0, 51.8, 51.9, 53.7, 67.6, 67.6, 69.2, 70.3, 19.4, 27.5, 27.6, 31.0, 55.6, 78.1, 81.6, 85.9, 6.2, 7.1, 10.8, 24.4, 42.2, 69.4, 77.2]",Southampton,0.27228915662650605,0.39518072289156625
1623,"[12.1, 19.8, 23.8, 45.2, 53.5, 61.2, 68.4, 73.1, 3.0, 15.5, 18.6, 34.6, 44.8, 73.1, 78.1, 32.9, 49.3, 69.1, 80.7, 84.3, 86.8, 86.8, 6.0, 20.1, 30.4, 65.9, 83.0, 83.8, 84.3, 90.4, 92.8, 20.3, 27.0, 45.8, 60.9, 73.4, 90.1, 5.8, 12.2, 19.4, 29.7, 40.0, 54.0, 60.8, 61.8, 69.8, 76.3, 81.0, 81.0, 81.1, 86.7, 90.2, 2.6, 5.2, 8.9, 9.7, 13.0, 29.9, 33.9, 37.5, 40.1, 47.2, 50.1, 55.0, 62.4, 63.9, 68.2, 77.0, 78.0, 80.7, 81.8, 83.9, 84.6, 86.1, 92.2, 94.3, 4.1, 9.2, 18.9, 23.9, 33.2, 52.3, 53.3, 56.7, 73.3, 79.8, 93.6, 11.3, 21.3, 25.9, 46.9, 52.4, 78.5, 92.8, 34.9, 36.0, 42.5, 43.8, 45.9, 58.1, 61.0, 64.4, 66.9, 69.2, 76.6, 88.2, 88.2, 21.8, 26.9, 39.1, 53.0, 66.3, 72.6, 73.2, 102.4, 16.1, 16.4, 41.3, 45.9, 47.2, 84.5, 88.7, 9.5, 44.9, 80.2, 81.2, 84.5, 17.6, 27.6, 65.9, 75.3, 77.2, 85.2, 18.8, 25.2, 46.7, 61.1, 61.8, 72.9, 46.7, 11.8, 26.2, 26.3, 40.5, 60.0, 67.3, 69.9, 19.2, 21.3, 27.5, 46.3, 57.6, 59.7, 63.5, 75.5, 85.3, 91.3, 5.4, 31.2, 44.9, 90.2, 25.4, 50.2, 68.0, 88.3, 88.4, 5.9, 31.5, 36.4, 56.3, 56.7, 72.2, 83.8, 3.9, 3.9, 4.7, 17.3, 17.9, 23.5, 35.1, 70.0, 72.0, 90.6, 15.1, 20.7, 31.7, 39.5, 48.4, 12.9, 27.8, 37.3, 51.6, 69.3, 76.1, 79.9, 88.3, 4.7, 24.2, 26.4, 36.5, 38.2, 45.0, 45.1, 45.3, 84.0, 84.7, 86.2, 12.1, 21.2, 26.5, 50.2, 50.3, 51.7, 63.8, 67.0, 79.6, 80.8, 91.2, 8.6, 11.8, 26.6, 33.8, 45.7, 50.5, 74.9, 75.0, 14.4, 51.6, 67.2, 92.7, 13.7, 19.3, 21.6, 27.5, 32.3, 33.8, 41.4, 63.8, 74.5, 77.1, 3.3, 7.7, 12.1, 16.7, 21.6, 28.6, 33.1, 38.0, 44.6, 55.1, 75.6, 82.4, 6.5, 31.8, 46.1, 52.9, 56.0, 57.5, 67.3, 68.3, 68.3, 68.4, 72.7, 82.4, 83.0, 85.9, 89.6, 10.4, 11.4, 62.3, 65.5, 83.6, 5.8, 12.3, 22.0, 75.7, 86.5, 87.5, 30.3, 33.1, 39.5, 42.3, 42.3, 52.7, 56.3, 64.8, 74.3, 74.4, 2.4, 16.3, 24.4, 34.1, 45.0, 50.1, 54.3, 27.9, 28.3, 38.6, 45.5, 56.6, 77.0, 2.7, 12.6, 61.4, 65.1, 85.0, 95.1, 3.1, 24.8, 31.3, 34.9, 40.1, 44.4, 45.4, 58.2, 72.8, 73.0, 74.0, 84.6, 84.7]",Everton,0.28125,0.415625
1624,"[8.8, 16.4, 21.4, 26.0, 35.0, 40.8, 41.5, 44.7, 45.4, 50.9, 55.2, 60.6, 62.4, 62.6, 69.7, 77.0, 90.6, 9.6, 14.1, 18.6, 26.3, 28.7, 29.1, 41.5, 41.7, 43.2, 43.6, 44.2, 45.1, 45.8, 46.2, 68.5, 75.7, 76.1, 0.6, 0.7, 9.5, 11.7, 17.3, 21.3, 22.4, 31.8, 32.6, 33.2, 35.5, 36.2, 36.2, 37.6, 38.0, 48.5, 48.5, 52.9, 72.7, 73.2, 73.7, 73.9, 74.5, 74.6, 75.3, 75.8, 76.7, 77.3, 78.6, 6.5, 11.7, 14.9, 15.0, 27.7, 41.3, 41.3, 43.6, 47.0, 45.8, 52.2, 53.1, 58.1, 69.0, 88.1, 3.4, 10.5, 11.0, 17.5, 26.9, 37.6, 45.1, 47.5, 55.0, 55.2, 56.1, 57.2, 57.3, 57.4, 60.4, 64.0, 64.8, 65.8, 66.2, 80.9, 84.3, 90.6, 91.9, 12.6, 15.3, 15.3, 21.0, 22.6, 33.9, 37.6, 37.6, 40.6, 59.5, 62.5, 63.1, 93.8, 0.7, 8.8, 15.9, 17.5, 19.3, 23.0, 30.3, 30.4, 59.5, 66.8, 73.0, 85.3, 90.6, 15.2, 16.2, 31.4, 32.2, 32.7, 41.9, 44.6, 46.7, 50.3, 51.7, 61.1, 61.2, 63.4, 63.6, 64.5, 80.9, 83.7, 87.4, 90.4, 4.0, 11.3, 15.5, 28.3, 29.6, 36.4, 47.4, 50.1, 55.4, 55.4, 62.2, 64.3, 10.6, 16.4, 19.0, 19.8, 27.4, 36.0, 36.3, 40.3, 40.9, 40.9, 74.9, 76.8, 83.9, 9.2, 12.4, 13.5, 30.7, 34.4, 41.2, 43.9, 63.3, 63.4, 81.4, 86.8, 5.9, 32.3, 33.1, 44.0, 48.1, 55.1, 55.3, 62.6, 77.3, 80.9, 84.6, 93.2, 8.7, 14.3, 17.4, 26.5, 31.5, 32.0, 32.7, 40.2, 44.9, 45.9, 46.2, 51.6, 52.0, 60.7, 68.0, 73.2, 75.8, 79.7, 81.6, 83.4, 83.6, 84.6, 85.5, 92.7, 15.9, 22.0, 27.2, 31.3, 31.3, 36.3, 38.2, 41.0, 59.2, 64.7, 65.2, 74.3, 78.1, 82.0, 85.0, 91.6, 93.7, 7.0, 24.7, 41.7, 54.2, 59.5, 72.3, 11.5, 24.0, 31.7, 36.0, 40.5, 43.5, 52.4, 53.9, 57.6, 59.6, 64.3, 68.0, 72.3, 73.9, 82.6, 87.7, 89.7, 90.2, 92.0, 2.6, 5.7, 19.4, 19.9, 20.0, 20.0, 23.6, 24.2, 29.3, 29.4, 38.3, 39.6, 50.4, 51.3, 51.9, 53.2, 53.5, 64.4, 73.2, 74.9, 76.9, 82.9, 86.8, 34.1, 51.4, 54.6, 58.0, 63.7, 92.1, 7.7, 10.5, 14.9, 16.2, 16.2, 21.2, 21.2, 26.3, 41.5, 48.8, 55.3, 58.8, 68.7, 78.1, 90.2, 3.4, 4.6, 5.6, 7.0, 13.5, 21.3, 30.5, 36.4, 38.1, 45.9, 48.7, 50.7, 56.7, 66.6, 82.5, 3.5, 4.1, 14.4, 27.5, 27.7, 29.4, 34.4, 36.1, 44.5, 45.0, 47.6, 52.0, 58.1, 60.7, 60.8, 63.8, 65.6, 66.8, 66.9, 72.7, 75.0, 82.2, 82.7, 83.2, 89.0, 93.6, 93.6, 93.7, 11.3, 19.2, 40.5, 49.1, 50.1, 67.9, 77.4, 82.1, 83.0, 88.2, 88.3, 14.5, 21.8, 21.9, 22.7, 24.2, 25.2, 28.5, 47.0, 47.0, 52.0, 54.6, 57.6, 58.8, 70.0, 76.2, 76.2, 79.5, 80.8, 83.5, 89.0, 16.0, 17.4, 22.8, 29.3, 38.8, 64.4, 67.5, 69.2, 69.5, 89.0, 89.8, 92.3, 0.2, 0.2, 9.2, 11.6, 21.8, 23.0, 26.1, 33.0, 39.7, 45.2, 48.9, 54.1, 61.6, 64.9, 65.6, 66.5, 68.6, 74.1, 75.4, 76.3, 76.3, 93.6, 3.9, 16.2, 27.4, 39.8, 56.9, 57.0, 61.5, 67.0, 74.6, 79.6, 14.0, 17.4, 25.0, 26.2, 28.9, 48.8, 51.1, 53.1, 57.0, 63.4, 69.1, 70.8, 72.0, 75.1, 89.0, 9.4, 28.5, 44.8, 47.6, 50.4, 53.7, 58.1, 58.2, 72.2, 85.4, 88.1, 11.8, 15.1, 16.5, 25.9, 26.8, 36.0, 37.2, 39.6, 46.5, 47.7, 53.8, 78.5, 83.6, 88.0, 16.2, 26.1, 34.6, 44.9, 56.8, 56.9, 61.7, 64.7, 65.5, 70.7, 86.5, 87.9, 90.4, 24.5, 31.5, 32.5, 38.8, 39.8, 50.0, 54.4, 62.9, 63.4, 89.5, 8.2, 9.9, 24.8, 39.1, 44.6, 45.2, 59.9, 61.4, 65.3, 65.4, 84.7, 10.7, 12.7, 22.9, 26.1, 51.7, 73.3, 74.9, 76.5, 76.5, 84.3, 91.7, 94.6, 6.9, 30.9, 41.8, 41.8, 82.5, 84.5, 86.9, 91.7, 19.3, 22.4, 30.2, 31.6, 48.9, 47.2, 55.0, 57.8, 71.6, 72.8, 84.1, 87.2, 3.5, 8.0, 15.5, 20.6, 30.6, 37.4, 37.5, 47.8, 55.7, 67.5, 87.0, 89.5, 6.3, 18.2, 23.4, 23.9, 29.0, 29.3, 44.1, 50.2, 50.9, 66.3, 87.7, 94.0, 94.8, 95.4, 95.4, 6.4, 12.5, 18.1, 22.9, 23.1, 40.4, 43.6, 46.5, 48.6, 59.8, 67.4, 70.3, 75.6]",Tottenham Hotspur,0.27816901408450706,0.3609154929577465
1625,"[3.2, 8.9, 13.2, 33.3, 33.3, 45.0, 47.1, 50.0, 52.1, 57.9, 66.1, 69.3, 1.4, 8.6, 10.9, 11.5, 15.3, 25.5, 26.0, 33.7, 37.1, 42.7, 50.1, 57.5, 70.2, 71.5, 73.7, 74.7, 76.7, 81.9, 14.8, 20.0, 20.8, 23.5, 24.8, 24.8, 27.0, 31.1, 43.1, 54.9, 70.6, 71.2, 73.1, 73.4, 83.5, 91.2, 96.5, 3.3, 6.7, 12.3, 24.0, 33.6, 34.1, 50.2, 52.6, 64.2, 76.2, 82.3, 86.6, 90.6, 5.1, 6.6, 8.7, 10.2, 15.1, 17.6, 19.5, 20.4, 22.3, 26.8, 30.7, 35.7, 37.0, 53.0, 55.1, 57.8, 60.9, 62.5, 63.0, 74.4, 80.6, 83.7, 84.5, 90.2, 92.7, 5.6, 10.4, 11.6, 12.0, 12.0, 15.4, 32.6, 36.6, 36.8, 42.0, 43.7, 46.1, 45.7, 46.8, 46.8, 50.7, 53.5, 57.9, 58.6, 59.8, 61.7, 78.7, 88.1, 9.6, 11.2, 18.5, 19.1, 28.8, 30.7, 40.2, 44.3, 49.1, 53.8, 65.1, 78.2, 83.9, 86.5, 7.0, 10.5, 13.2, 15.7, 16.3, 18.2, 26.4, 44.7, 46.0, 47.4, 55.0, 59.6, 61.4, 73.9, 78.3, 86.6, 6.3, 13.9, 22.3, 27.3, 38.1, 42.8, 46.1, 46.1, 55.6, 72.3, 72.8, 74.5, 82.8, 92.2, 3.3, 6.5, 6.5, 8.5, 9.7, 11.6, 14.7, 25.7, 43.4, 48.9, 55.1, 64.0, 84.1, 86.3, 1.5, 17.9, 18.1, 27.7, 67.1, 67.5, 68.5, 73.9, 17.5, 20.3, 20.8, 39.1, 40.8, 42.5, 43.5, 44.5, 48.2, 49.4, 51.8, 54.1, 63.5, 88.4, 6.2, 15.0, 23.9, 36.6, 37.6, 37.7, 42.5, 51.2, 54.5, 83.6, 83.6, 2.4, 12.5, 14.0, 14.0, 19.0, 19.4, 23.0, 23.7, 23.7, 39.0, 39.5, 43.0, 44.0, 47.8, 53.6, 55.7, 55.9, 56.3, 59.5, 59.7, 61.1, 67.6, 70.8, 80.0, 89.1, 95.0, 2.7, 18.3, 24.8, 26.5, 36.5, 37.2, 52.4, 54.7, 56.3, 60.6, 62.3, 63.7, 65.8, 67.0, 67.9, 69.4, 70.5, 76.7, 76.8, 78.4, 82.5, 11.6, 15.3, 16.4, 23.7, 29.7, 30.0, 41.5, 41.7, 42.4, 51.9, 53.7, 67.5, 69.7, 93.1, 5.0, 6.2, 13.1, 15.6, 21.7, 24.8, 26.3, 28.5, 36.5, 38.4, 45.8, 50.4, 52.0, 61.0, 72.4, 82.0, 82.1, 84.4, 87.0, 89.6, 9.2, 13.7, 23.0, 23.1, 24.6, 26.5, 28.2, 32.7, 43.9, 45.5, 58.6, 66.3, 66.4, 69.8, 75.0, 79.9, 85.3, 87.1, 89.1, 14.8, 19.7, 21.5, 25.0, 26.1, 32.0, 52.1, 65.6, 70.7, 76.4, 77.0, 78.7, 84.3, 87.4, 90.8, 3.7, 6.4, 7.2, 10.2, 12.9, 16.9, 21.4, 23.5, 24.0, 25.9, 29.3, 30.3, 39.5, 40.1, 41.4, 53.6, 55.3, 65.1, 85.6, 1.8, 6.1, 20.5, 27.9, 45.7, 56.3, 58.3, 60.2, 62.1, 68.5, 80.4, 0.7, 4.3, 17.1, 36.3, 39.1, 41.9, 46.5, 47.2, 53.9, 62.5, 66.6, 67.9, 77.7, 89.0, 22.5, 34.1, 40.1, 44.1, 50.2, 50.7, 80.2, 83.2, 83.2, 91.0, 92.0, 6.0, 9.9, 14.7, 31.3, 33.3, 33.6, 39.1, 40.5, 42.3, 45.2, 68.6, 70.3, 70.3, 74.4, 75.3, 80.9, 82.5, 83.9, 14.0, 16.6, 18.9, 27.3, 30.6, 35.2, 46.4, 51.7, 64.3, 66.2, 67.8, 69.2, 78.7, 83.4, 83.4, 88.6, 91.5, 5.4, 13.2, 13.8, 17.5, 21.3, 25.0, 28.1, 38.2, 48.1, 47.5, 48.2, 49.6, 52.8, 54.0, 56.4, 60.1, 70.5, 83.9, 2.1, 24.9, 28.5, 32.5, 40.6, 45.4, 47.7, 51.3, 52.7, 57.1, 57.7, 64.0, 69.9, 75.4, 76.0, 76.9, 85.0, 89.7, 8.2, 10.2, 14.1, 27.2, 32.5, 38.9, 77.2, 88.3, 88.3, 10.8, 12.8, 13.4, 16.0, 19.2, 26.2, 32.1, 33.8, 45.6, 55.1, 57.2, 65.8, 92.0, 6.3, 9.3, 26.0, 40.0, 40.6, 41.3, 49.7, 55.7, 57.6, 57.9, 58.6, 72.8, 73.8, 79.4, 81.2, 9.0, 9.5, 13.3, 15.5, 25.7, 27.2, 29.1, 33.0, 33.7, 46.1, 54.1, 54.3, 60.2, 63.8, 71.4, 71.7, 80.3, 86.4, 4.0, 12.6, 16.0, 17.0, 19.8, 20.1, 21.3, 26.9, 26.9, 31.7, 33.1, 36.8, 38.9, 54.3, 55.4, 71.0, 73.9, 86.9, 3.1, 19.9, 21.2, 24.8, 30.0, 32.8, 35.7, 40.5, 42.1, 50.2, 73.5, 82.5, 86.3, 88.7, 89.6, 94.8, 3.0, 7.8, 8.5, 19.0, 21.1, 28.3, 32.2, 63.2, 64.4, 70.5, 71.1, 71.5, 71.5, 74.4, 11.1, 15.8, 29.9, 32.0, 34.3, 46.0, 47.1, 50.4, 53.3, 63.1, 79.2, 81.5, 82.7, 83.7, 86.3, 87.6, 90.6, 8.5, 12.1, 19.6, 21.0, 21.7, 26.2, 42.6, 45.7, 46.5, 52.1, 58.3, 60.4, 61.2, 63.7, 76.0, 76.5, 76.8, 81.0, 5.6, 12.6, 34.6, 37.7, 40.5, 67.9, 68.9, 77.4, 79.4, 83.2, 84.8, 86.2, 87.9, 93.2, 20.1, 21.0, 25.4, 38.6, 53.0, 55.3, 59.9, 60.0, 60.4, 61.3, 93.0]",Manchester City,0.33167495854063017,0.33499170812603646
1627,"[2.4, 7.6, 8.9, 13.2, 14.2, 22.2, 22.7, 25.3, 30.3, 33.2, 39.7, 52.5, 55.8, 84.5, 84.8, 92.1, 0.8, 39.6, 46.4, 57.3, 70.2, 75.4, 4.6, 7.8, 35.4, 60.3, 65.5, 72.8, 75.6, 82.7, 88.2, 92.4, 21.0, 23.9, 38.1, 39.1, 66.2, 75.1, 76.7, 85.6, 86.6, 89.3, 90.3, 92.3, 94.0, 2.9, 11.0, 11.5, 37.2, 38.6, 61.9, 87.4, 7.4, 7.4, 11.8, 26.9, 37.5, 38.5, 18.0, 21.0, 27.7, 31.5, 49.6, 61.7, 72.8, 91.8, 17.0, 40.0, 68.9, 2.7, 39.7, 54.2, 56.0, 59.1, 72.5, 12.2, 32.9, 40.8, 45.2, 47.0, 69.6, 91.1, 21.4, 35.9, 69.1, 70.2, 73.0, 76.7, 79.4, 91.8, 92.2, 3.4, 31.0, 33.0, 45.8, 74.0, 84.2, 3.3, 6.5, 55.0, 93.6, 94.0, 19.9, 37.6, 41.7, 45.7, 55.2, 62.1, 6.1, 8.0, 9.1, 11.1, 16.3, 18.3, 20.0, 36.5, 47.7, 47.9, 55.6, 55.6, 62.3, 62.3, 70.0, 79.3, 80.8, 82.6, 87.9, 88.8, 3.8, 21.0, 43.0, 57.1, 57.1, 58.3, 66.4, 82.5, 9.6, 21.5, 29.7, 50.2, 50.7, 82.7, 24.4, 36.7, 43.2, 45.6, 53.9, 73.7, 74.8, 76.3, 76.8, 81.0, 84.4, 90.3, 3.1, 13.6, 21.0, 29.2, 32.8, 34.8, 34.9, 42.8, 50.4, 54.4, 68.3, 70.4, 74.3, 75.0, 85.1, 92.6, 10.5, 18.0, 22.9, 36.2, 42.0, 43.8, 48.5, 48.9, 57.7, 63.5, 78.0, 84.0, 90.9, 6.0, 6.9, 10.5, 11.2, 19.7, 45.8, 55.8, 76.9, 77.0, 12.8, 23.6, 25.0, 29.6, 41.0, 44.4, 51.6, 54.4, 73.8, 89.7, 3.5, 8.8, 16.9, 18.4, 30.9, 41.0, 42.2, 47.7, 48.5, 50.8, 54.1, 68.5, 90.8, 92.6, 2.4, 6.1, 6.9, 35.0, 44.1, 47.2, 73.3, 73.4, 78.1, 78.3, 81.0, 81.4, 83.8, 95.9, 96.9, 87.5, 87.6, 91.2, 3.6, 25.6, 32.6, 35.0, 58.9, 71.8, 3.8, 5.8, 10.8, 30.8, 46.8, 56.3, 57.0, 3.2, 38.4, 41.3, 42.9, 54.2, 63.7, 83.9, 84.3, 86.6, 89.9, 90.3, 3.9, 19.8, 25.9, 47.1, 49.8, 50.2, 53.3, 69.4, 7.6, 12.8, 15.9, 27.2, 39.1, 41.5, 48.7, 9.5, 14.1, 25.0, 26.4, 47.5, 48.7, 80.6, 96.7, 96.8, 97.0, 8.9, 36.4, 44.6, 44.9, 48.3, 58.2, 64.1, 83.4, 85.9, 4.2, 11.5, 11.7, 14.0, 17.3, 48.1, 48.2, 48.6, 50.4, 53.4, 53.6, 70.1, 82.2, 82.3, 85.1, 85.2, 11.1, 12.8, 24.2, 24.3, 35.7, 48.1, 55.2, 61.4, 72.3, 80.4, 17.3, 21.4, 35.0, 43.8, 49.2, 55.6, 69.5, 78.2, 78.2, 85.9, 87.8, 11.9, 23.8, 26.6, 28.1, 45.4, 52.7, 60.1, 63.8, 68.6, 94.0, 43.4, 47.1, 57.8, 57.8, 88.6, 91.7, 91.8, 9.6, 11.8, 39.0, 55.6, 80.1]",West Bromwich Albion,0.2905982905982906,0.3561253561253561
1628,"[27.2, 36.6, 41.5, 44.0, 46.9, 54.3, 57.5, 68.8, 77.0, 81.9, 83.1, 8.1, 40.4, 54.8, 17.5, 23.7, 28.8, 32.5, 38.4, 45.9, 56.8, 58.4, 59.4, 63.1, 71.6, 73.7, 75.3, 82.9, 89.7, 4.5, 5.8, 17.9, 20.8, 21.3, 31.2, 45.9, 45.6, 51.7, 55.7, 60.9, 71.5, 76.9, 78.6, 83.4, 83.5, 85.3, 86.8, 87.8, 87.9, 88.7, 15.8, 23.4, 29.2, 30.6, 45.2, 48.5, 59.7, 77.0, 89.5, 93.4, 4.7, 14.5, 18.7, 20.8, 27.0, 56.5, 7.2, 31.8, 55.5, 61.1, 63.4, 67.3, 69.1, 2.7, 6.2, 21.7, 38.8, 44.7, 45.7, 82.0, 85.8, 85.8, 87.4, 88.9, 91.3, 16.6, 24.1, 35.7, 38.9, 40.2, 58.4, 64.8, 4.2, 35.2, 35.3, 39.1, 49.3, 47.3, 51.8, 54.8, 76.3, 77.1, 81.8, 90.1, 91.6, 95.5, 96.1, 16.9, 35.6, 47.8, 48.5, 56.8, 58.7, 59.3, 69.5, 72.7, 79.1, 92.3, 0.8, 0.8, 18.2, 32.8, 34.4, 57.1, 63.5, 72.1, 72.7, 78.2, 80.7, 82.4, 89.5, 93.0, 15.8, 24.4, 37.3, 51.5, 55.1, 63.4, 73.2, 91.2, 91.2, 13.8, 13.9, 22.2, 41.2, 58.7, 59.3, 79.2, 84.6, 87.3, 92.0, 13.0, 20.8, 21.3, 41.0, 41.4, 41.9, 45.6, 59.3, 68.9, 80.1, 3.7, 4.6, 8.5, 15.3, 15.6, 32.3, 43.8, 47.2, 53.9, 54.4, 59.5, 77.0, 85.3, 86.0, 87.2, 90.9, 94.4, 94.5, 17.3, 20.2, 23.3, 29.1, 41.7, 52.3, 52.3, 75.3, 82.9, 88.2, 88.2, 88.3, 91.2, 5.8, 10.1, 10.1, 18.1, 26.3, 34.1, 39.9, 48.0, 79.4, 82.7, 83.6, 93.8, 2.9, 9.7, 28.8, 36.5, 36.6, 40.2, 48.1, 53.0, 68.7, 81.0, 85.2, 10.2, 14.6, 17.8, 31.2, 37.6, 41.5, 49.0, 51.3, 52.2, 54.1, 64.5, 79.4, 82.7, 85.5, 88.8, 7.8, 8.5, 12.0, 12.5, 31.4, 33.3, 76.9, 77.0, 79.2, 97.5, 5.8, 30.0, 40.1, 64.8, 67.0, 68.7, 78.5, 79.5, 87.3, 89.1, 7.4, 8.5, 20.3, 22.1, 26.8, 42.0, 42.1, 42.1, 42.2, 43.1, 56.5, 68.2, 71.8, 82.0, 89.2, 11.6, 27.0, 42.4, 46.2, 46.5, 48.0, 48.4, 59.7, 77.2, 23.1, 28.3, 30.5, 48.5, 48.6, 50.7, 52.3, 54.3, 8.5, 8.5, 15.3, 26.7, 30.0, 42.2, 42.3, 44.4, 45.9, 49.4, 52.1, 58.6, 65.7, 72.1, 74.9, 77.6, 84.9, 87.2, 87.3, 7.6, 12.1, 12.3, 36.4, 44.9, 55.2, 58.7, 65.4, 67.5, 73.5, 77.3, 81.5, 82.0, 11.3, 17.8, 34.8, 44.3, 4.9, 10.4, 17.9, 26.2, 47.4, 65.0, 69.7, 76.4, 78.1, 11.5, 26.9, 46.8, 46.8, 57.9, 89.3, 1.1, 1.1, 2.4, 17.3, 22.5, 22.5, 39.9, 55.8, 60.4, 73.5, 78.4, 84.5, 86.9, 89.7, 92.3, 7.9, 57.5, 58.2, 88.4, 94.0, 15.4, 21.9, 32.5, 35.1, 52.6, 54.8, 58.5, 60.8, 69.3, 70.6, 73.7, 74.6, 85.1, 3.1, 4.6, 4.6, 6.1, 11.6, 12.4, 13.0, 13.0, 13.1, 23.5, 32.8, 46.3, 48.9, 51.1, 92.0, 34.2, 36.3, 67.4, 68.8, 70.6, 1.1, 3.1, 8.0, 16.5, 28.7, 37.3, 51.0, 58.3, 69.0, 70.4, 80.9, 83.9, 83.9, 7.4, 9.8, 14.5, 30.8, 31.8, 35.2, 54.6, 58.0, 64.0, 67.4, 76.9, 78.4, 83.9, 85.6, 6.2, 17.6, 25.6, 25.7, 55.1, 56.1, 61.2, 69.1, 74.0, 77.4, 79.0]",Crystal Palace,0.2806603773584906,0.37264150943396224
1631,"[3.0, 4.2, 28.5, 32.8, 50.7, 54.9, 55.6, 0.8, 0.9, 5.0, 15.4, 16.0, 17.8, 32.8, 39.0, 40.4, 53.9, 73.0, 73.7, 75.6, 3.4, 22.8, 54.4, 56.3, 63.6, 63.7, 65.8, 72.1, 78.8, 92.9, 25.1, 39.5, 39.6, 42.4, 42.8, 43.0, 58.9, 62.2, 15.4, 42.1, 42.5, 48.2, 61.6, 71.7, 92.8, 5.2, 5.2, 14.2, 17.1, 47.2, 47.7, 66.6, 68.6, 68.6, 42.9, 59.2, 65.8, 77.3, 77.4, 82.1, 88.0, 13.0, 34.6, 34.6, 47.1, 50.1, 77.2, 79.6, 81.7, 0.8, 9.6, 12.3, 16.7, 32.7, 42.2, 48.3, 75.3, 75.4, 88.1, 91.0, 2.9, 7.6, 8.6, 17.5, 21.6, 28.7, 56.4, 20.1, 32.5, 35.7, 36.2, 36.9, 48.7, 52.6, 59.9, 67.5, 71.4, 77.1, 87.4, 47.9, 65.2, 7.6, 22.7, 28.6, 32.8, 41.1, 51.3, 86.8, 4.0, 8.3, 12.4, 26.0, 33.9, 44.2, 45.9, 54.1, 5.9, 42.0, 48.2, 48.8, 51.0, 51.1, 60.4, 65.5, 68.6, 71.4, 76.0, 88.2, 91.4, 91.9, 92.2, 8.4, 12.1, 15.9, 18.4, 19.6, 23.3, 25.3, 30.0, 30.7, 59.3, 65.2, 81.8, 10.4, 19.3, 20.1, 23.4, 30.2, 30.9, 31.0, 37.5, 44.2, 46.6, 53.1, 53.4, 68.7, 9.3, 16.0, 31.8, 33.2, 49.6, 54.1, 74.7, 77.4, 89.1, 90.4, 8.3, 25.2, 26.1, 42.1, 52.4, 52.7, 89.5, 94.0, 17.0, 25.1, 31.9, 36.5, 52.7, 52.8, 84.2, 84.6, 0.8, 2.1, 34.2, 57.8, 66.5, 81.2, 28.1, 32.8, 46.5, 46.5, 49.9, 52.6, 59.3, 71.1, 82.4, 83.2, 91.5, 7.4, 8.3, 9.2, 10.6, 11.2, 11.3, 19.4, 19.5, 22.2, 37.1, 37.1, 56.6, 5.2, 7.1, 50.5, 53.6, 86.8, 89.1, 90.3, 0.7, 1.2, 9.4, 76.2, 76.2, 78.6, 16.2, 23.4, 28.5, 28.5, 53.7, 55.8, 62.8, 63.8, 72.8, 76.5, 83.0, 83.5, 92.7, 23.4, 91.2, 1.9, 3.9, 24.3, 29.5, 46.7, 46.3, 51.1, 61.6, 78.1, 78.1, 78.2, 79.3, 85.9, 87.9, 88.4, 88.7, 89.3, 91.3, 13.2, 13.8, 28.6, 29.0, 31.0, 36.2, 59.1, 64.5, 68.7, 68.9, 72.0, 72.4, 72.5, 72.5, 84.7, 87.0, 87.1, 91.0, 2.8, 20.3, 21.0, 34.0, 35.4, 55.8, 61.7, 73.6, 75.5, 80.4, 81.6, 84.0, 86.7, 92.9, 12.2, 13.0, 13.1, 16.2, 19.8, 21.4, 22.3, 29.6, 35.3, 39.1, 40.5, 48.0, 47.9, 53.7, 57.0, 89.3, 17.6, 37.6, 71.2, 80.9, 82.6, 95.2, 15.2, 34.1, 58.7, 59.5, 59.7, 78.1, 83.1, 13.8, 26.0, 33.5, 44.7, 47.0, 55.2, 56.1, 61.4, 61.5, 66.6, 71.3, 76.8, 82.6, 6.5, 14.7, 14.7, 16.2, 27.1, 69.7, 80.9, 92.1, 92.2, 5.3, 8.8, 14.7, 23.0, 53.0, 86.0, 28.6, 38.7, 44.5, 45.7, 61.9, 83.4, 85.7, 87.7, 87.8, 88.1, 88.1, 94.3, 3.1, 12.8, 15.2, 15.6, 25.1, 29.3, 35.7, 38.8, 46.8, 55.7, 59.5, 65.1, 68.8, 72.8, 77.0, 77.1, 94.9]",Leicester City,0.312,0.3626666666666667
1633,"[36.2, 39.8, 46.1, 58.0, 77.4, 88.9, 92.0, 5.4, 12.6, 14.6, 16.1, 16.1, 22.8, 48.7, 61.0, 66.0, 76.0, 91.2, 29.0, 30.7, 31.8, 51.9, 52.0, 63.9, 74.2, 3.1, 12.2, 20.6, 28.9, 29.7, 35.3, 36.6, 39.6, 55.8, 59.7, 71.8, 76.9, 87.6, 26.1, 28.0, 30.6, 35.7, 40.9, 46.3, 58.4, 73.4, 8.0, 64.8, 67.5, 70.0, 76.6, 78.3, 86.1, 89.7, 91.2, 91.6, 3.9, 14.0, 85.2, 87.3, 89.3, 93.3, 7.2, 18.7, 46.9, 51.3, 56.3, 65.2, 66.6, 11.6, 17.5, 20.0, 25.4, 26.0, 29.2, 38.4, 43.8, 44.8, 48.6, 77.2, 84.3, 85.0, 86.4, 30.6, 33.4, 42.5, 84.3, 8.7, 46.7, 54.9, 58.2, 61.9, 68.2, 12.2, 41.9, 47.3, 47.3, 47.3, 51.5, 65.5, 73.8, 93.2, 25.3, 37.1, 44.2, 58.2, 63.3, 90.5, 92.7, 51.6, 51.9, 56.7, 69.3, 88.2, 7.0, 34.9, 43.5, 44.0, 50.1, 80.7, 90.0, 5.8, 26.7, 36.6, 44.7, 66.1, 45.3, 59.6, 65.1, 89.4, 90.8, 3.3, 8.8, 37.9, 40.2, 45.1, 58.3, 66.8, 69.9, 72.8, 74.7, 82.8, 85.8, 89.4, 5.2, 12.9, 25.3, 27.0, 28.7, 34.5, 38.3, 40.0, 43.3, 49.2, 62.9, 68.2, 68.3, 78.5, 88.4, 89.2, 94.5, 6.7, 19.5, 43.8, 48.4, 53.4, 69.2, 79.2, 80.9, 88.1, 88.2, 69.9, 76.5, 85.3, 3.2, 5.3, 9.1, 20.8, 22.7, 37.7, 46.0, 57.0, 58.6, 67.0, 87.0, 93.0, 24.2, 45.2, 50.1, 54.5, 55.9, 60.9, 2.9, 9.3, 11.7, 13.0, 14.0, 15.7, 25.9, 28.0, 56.5, 59.0, 72.6, 72.7, 94.6, 2.9, 26.0, 26.5, 44.6, 50.1, 63.2, 24.5, 29.5, 41.2, 10.5, 24.1, 36.2, 37.6, 42.8, 52.0, 77.0, 14.7, 15.8, 15.9, 26.7, 41.4, 58.5, 65.5, 5.9, 56.8, 69.2, 78.0, 79.8, 84.3, 85.4, 12.8, 14.8, 16.4, 20.5, 30.6, 38.4, 39.0, 46.7, 55.0, 59.5, 78.2, 80.3, 83.9, 6.6, 11.8, 15.8, 29.4, 35.6, 79.4, 83.6, 8.3, 10.0, 11.9, 18.5, 21.3, 22.1, 44.0, 44.0, 53.1, 59.8, 63.0, 72.1, 73.0, 73.0, 76.6, 83.5, 13.4, 46.9, 72.4, 76.2, 2.3, 31.2, 33.9, 35.0, 35.9, 46.0, 50.1, 59.2, 61.2, 62.9, 65.8, 83.5, 89.6, 93.8, 12.1, 14.1, 15.7, 20.2, 60.8, 62.7, 62.7, 63.2, 63.2, 73.9, 37.2, 5.3, 10.2, 12.6, 16.5, 30.0, 32.3, 33.1, 39.5, 41.9, 47.7, 63.7, 70.8, 93.3, 0.8, 5.5, 9.2, 9.4, 25.4, 30.5, 35.5, 38.1, 62.9, 72.5, 75.2, 77.2, 77.9, 81.6]",West Ham United,0.29357798165137616,0.3669724770642202
1639,"[14.5, 14.6, 34.1, 34.9, 45.4, 57.7, 74.4, 85.1, 85.7, 92.6, 2.9, 20.3, 30.9, 45.6, 46.6, 61.2, 62.5, 62.5, 94.3, 8.7, 12.3, 13.1, 23.5, 25.5, 29.2, 40.7, 62.4, 67.1, 76.5, 76.7, 81.9, 84.4, 85.9, 91.4, 2.9, 16.9, 26.3, 27.9, 42.4, 48.4, 61.9, 62.6, 69.3, 7.6, 22.6, 23.2, 47.1, 50.9, 56.5, 60.2, 62.6, 63.2, 86.3, 92.0, 16.6, 42.0, 42.4, 44.8, 53.6, 59.6, 63.2, 64.9, 71.1, 73.1, 80.2, 1.0, 1.6, 5.2, 6.2, 6.3, 14.1, 14.1, 29.5, 29.5, 38.7, 39.7, 48.1, 84.2, 84.2, 33.8, 43.5, 46.4, 69.7, 79.7, 90.2, 20.0, 32.8, 33.7, 39.0, 44.1, 46.4, 47.2, 50.7, 55.1, 62.0, 65.2, 89.1, 92.7, 15.2, 60.1, 80.3, 83.7, 95.6, 13.2, 27.9, 38.4, 42.8, 43.5, 58.9, 71.9, 72.8, 81.3, 88.1, 94.2, 4.0, 5.5, 6.1, 11.5, 12.5, 18.9, 27.2, 45.6, 49.6, 67.9, 78.0, 79.7, 82.4, 7.4, 23.1, 30.0, 32.5, 52.5, 74.9, 86.7, 27.8, 27.9, 47.9, 60.7, 63.6, 63.7, 68.3, 74.2, 90.4, 5.6, 7.9, 10.6, 32.9, 35.1, 39.4, 66.4, 81.9, 89.5, 21.9, 49.8, 60.5, 79.9, 2.2, 5.8, 19.3, 27.7, 28.2, 41.9, 47.1, 53.5, 75.1, 84.0, 84.2, 86.3, 91.9, 11.1, 16.9, 20.3, 39.1, 45.8, 45.9, 46.4, 50.8, 51.4, 52.0, 53.2, 54.4, 63.8, 71.3, 71.9, 80.8, 5.9, 18.9, 19.0, 27.7, 46.0, 56.2, 91.6, 94.3, 5.5, 5.7, 15.0, 15.6, 25.7, 26.4, 26.4, 26.5, 26.5, 26.6, 39.4, 49.0, 59.2, 62.3, 62.9, 49.8, 38.0, 40.8, 52.4, 68.0, 74.3, 78.9, 85.8, 86.5, 87.9, 91.1, 10.7, 16.0, 20.1, 20.8, 24.6, 43.9, 45.9, 46.1, 68.8, 85.2, 85.3, 7.7, 17.8, 17.8, 45.1, 52.7, 56.2, 57.4, 61.3, 66.7, 68.4, 82.3, 3.5, 25.7, 25.7, 54.5, 57.6, 61.1, 61.2, 64.0, 89.7, 3.4, 4.3, 4.5, 4.5, 5.0, 16.7, 19.6, 21.5, 47.2, 51.5, 56.3, 56.9, 64.9, 2.6, 4.6, 14.9, 22.3, 32.9, 47.1, 47.3, 47.7, 65.2, 66.4, 67.1, 72.2, 78.9, 90.5, 90.8, 12.6, 20.6, 43.0, 45.2, 55.7, 2.2, 23.1, 24.1, 26.4, 42.0, 46.5, 48.4, 50.7, 60.2, 67.2, 87.8, 89.7, 20.7, 63.1, 90.5, 2.2, 9.6, 12.7, 14.7, 25.7, 51.8, 60.4, 65.6, 76.7, 82.1, 3.1, 3.3, 16.4, 67.2, 69.9, 11.8, 33.0, 45.6, 56.7, 67.6, 68.3, 85.9, 93.1, 2.7, 11.4, 14.7, 32.8, 40.7, 55.8, 61.6, 78.2, 78.3, 78.3, 0.7, 10.2, 16.5, 26.7, 26.9, 74.5, 78.8, 87.7, 19.1, 53.5, 57.7, 87.8, 21.9, 69.5, 73.1, 90.5, 93.5, 11.1, 21.8, 30.8, 40.2, 45.5, 59.6, 89.0]",Stoke City,0.3380281690140845,0.37183098591549296
1644,"[7.0, 7.8, 31.0, 36.0, 75.0, 92.4, 93.0, 94.4, 4.6, 19.0, 32.4, 37.9, 47.0, 48.2, 56.9, 57.4, 62.1, 67.5, 69.9, 70.0, 72.3, 75.0, 85.7, 85.8, 88.0, 8.4, 32.1, 37.3, 67.3, 73.6, 79.7, 88.8, 93.0, 22.9, 37.6, 41.3, 42.0, 44.6, 45.9, 46.5, 54.2, 54.2, 54.2, 65.1, 88.3, 93.7, 12.9, 23.9, 47.8, 52.7, 56.5, 59.6, 71.8, 4.8, 12.9, 17.3, 31.6, 39.6, 40.0, 86.1, 89.2, 29.9, 32.8, 35.7, 36.6, 40.0, 41.0, 44.0, 52.5, 55.4, 60.0, 63.0, 70.9, 78.9, 94.5, 18.4, 37.3, 51.9, 74.2, 75.5, 82.4, 87.0, 90.9, 91.5, 91.6, 91.6, 15.6, 30.9, 31.4, 32.3, 47.0, 48.0, 48.9, 53.0, 55.1, 64.9, 66.2, 72.5, 73.9, 84.8, 36.5, 55.4, 56.6, 65.6, 66.5, 71.0, 72.7, 73.7, 78.8, 80.9, 82.6, 84.6, 94.8, 95.3, 28.1, 39.8, 41.1, 41.1, 45.5, 46.9, 49.7, 63.4, 82.3, 88.2, 10.3, 28.3, 32.1, 32.2, 36.5, 42.9, 49.1, 49.8, 53.4, 55.3, 58.8, 59.6, 63.5, 66.8, 95.6, 9.8, 11.3, 12.9, 18.4, 19.9, 30.8, 47.6, 51.0, 53.0, 59.7, 61.8, 82.0, 89.2, 10.1, 46.7, 51.1, 60.9, 62.9, 63.2, 69.3, 71.9, 79.2, 83.0, 83.3, 12.7, 20.3, 36.6, 58.5, 62.6, 74.4, 80.9, 1.8, 6.2, 9.1, 22.3, 22.9, 36.8, 43.5, 51.5, 56.3, 56.5, 79.0, 2.7, 2.9, 10.0, 22.0, 24.4, 29.9, 60.7, 64.6, 20.0, 31.1, 55.8, 57.6, 65.7, 67.0, 67.1, 67.7, 74.2, 74.4, 76.3, 78.0, 94.1, 13.7, 14.5, 28.3, 42.0, 55.1, 76.6, 80.5, 80.5, 80.8, 19.4, 28.4, 39.0, 45.0, 45.0, 47.7, 56.1, 57.8, 63.0, 81.7, 6.0, 9.3, 10.3, 10.3, 37.3, 43.5, 80.8, 84.4, 90.6, 7.2, 27.3, 28.7, 42.5, 81.1, 86.9, 18.1, 18.4, 18.7, 36.8, 42.1, 46.4, 54.7, 56.7, 57.1, 57.1, 61.3, 63.2, 69.9, 73.0, 89.5, 1.5, 18.5, 20.4, 24.2, 61.5, 66.8, 73.4, 79.0, 1.0, 14.7, 40.6, 42.2, 56.0, 56.7, 68.6, 68.7, 78.6, 83.4, 84.4, 7.5, 8.3, 8.9, 9.7, 17.9, 34.6, 45.2, 59.0, 59.6, 61.7, 65.2, 71.4, 73.0, 76.2, 79.2, 83.2, 83.8, 87.3, 90.9, 6.4, 7.0, 31.7, 65.7, 75.4, 80.1, 81.1, 88.2, 5.3, 32.4, 36.1, 47.0, 54.3, 77.2, 78.0, 78.3, 78.9, 86.9, 87.1, 87.9, 6.6, 6.7, 7.5, 30.7, 30.8, 37.6, 38.3, 46.2, 51.2, 64.4, 75.1, 75.2, 76.3, 91.5, 5.4, 11.1, 25.9, 46.6, 47.5, 70.6, 88.2, 90.3, 8.4, 36.1, 50.6, 79.4, 8.8, 12.7, 21.9, 22.5, 26.4, 29.7, 33.4, 33.9, 38.8, 39.1, 43.9, 47.0, 47.0, 48.4, 57.2, 88.9, 9.1, 13.2, 13.7, 14.4, 31.0, 33.1, 34.4, 42.8, 51.2, 54.0, 60.1, 82.6, 94.9, 28.9, 33.6, 35.6, 92.1, 2.4, 4.4, 23.1, 23.1, 23.9, 39.8, 42.0, 44.9, 48.1, 71.5, 79.4, 79.9, 0.2, 25.2, 35.7, 40.9, 43.1, 69.6, 78.0, 90.5, 91.3, 94.7, 94.7, 2.0, 5.2, 5.2, 5.2, 26.6, 27.5, 38.8, 53.8, 69.1, 81.4, 43.3, 44.1, 46.5, 73.7, 81.1]",Watford,0.23891625615763548,0.3916256157635468
1646,"[3.0, 23.2, 38.6, 42.2, 47.4, 56.1, 65.6, 75.5, 89.4, 4.3, 16.2, 24.6, 24.6, 29.4, 31.0, 42.7, 45.3, 54.8, 56.0, 62.1, 65.0, 80.5, 81.8, 88.4, 89.9, 93.5, 4.2, 4.7, 7.9, 25.8, 42.1, 44.7, 58.7, 70.6, 71.2, 86.1, 86.9, 88.6, 91.6, 2.8, 7.0, 9.4, 73.2, 25.3, 26.0, 44.5, 76.3, 80.0, 80.5, 11.7, 22.5, 55.6, 61.1, 83.0, 12.0, 20.9, 36.9, 43.2, 8.4, 12.5, 20.4, 22.1, 22.7, 32.6, 38.9, 45.0, 62.1, 63.3, 63.4, 69.7, 72.1, 83.9, 84.4, 88.8, 91.1, 41.4, 42.0, 88.2, 89.5, 92.9, 0.6, 3.5, 30.6, 44.6, 51.8, 68.4, 71.4, 73.0, 73.1, 88.2, 8.2, 15.3, 42.4, 76.7, 80.8, 5.6, 14.1, 15.2, 15.3, 18.1, 19.3, 26.4, 28.9, 39.1, 42.5, 46.3, 48.5, 66.9, 85.5, 92.2, 14.7, 20.6, 57.7, 69.4, 69.5, 74.6, 3.2, 5.0, 15.4, 18.7, 26.2, 36.4, 36.5, 44.7, 65.0, 68.0, 10.0, 15.7, 18.1, 19.6, 20.8, 37.0, 39.9, 59.4, 60.6, 66.5, 86.6, 92.6, 94.0, 12.4, 17.6, 18.9, 19.7, 20.7, 44.5, 63.3, 81.3, 1.5, 34.9, 38.4, 38.5, 68.8, 70.4, 76.9, 88.1, 19.4, 24.6, 24.6, 47.9, 52.9, 53.4, 60.5, 60.6, 72.4, 74.3, 89.3, 52.6, 70.6, 80.9, 81.2, 84.0, 86.8, 2.1, 11.4, 20.7, 23.5, 25.7, 30.1, 45.8, 49.2, 52.5, 85.3, 91.2, 8.0, 27.6, 27.7, 37.5, 62.3, 76.1, 80.4, 81.7, 84.6, 87.0, 31.0, 36.9, 39.1, 51.3, 55.2, 61.2, 83.3, 5.5, 6.9, 13.7, 24.9, 27.9, 52.4, 58.8, 69.3, 76.3, 84.6, 92.2, 95.3, 27.1, 46.1, 48.8, 66.0, 75.4, 76.6, 83.1, 83.6, 84.1, 86.7, 90.9, 30.9, 36.4, 40.9, 68.8, 73.3, 76.5, 81.6, 3.2, 11.5, 17.9, 31.5, 42.5, 45.3, 49.3, 52.1, 55.1, 63.1, 66.5, 84.4, 3.9, 10.3, 27.2, 57.6, 60.4, 66.7, 66.8, 66.8, 84.3, 3.9, 7.3, 9.1, 16.1, 27.3, 28.2, 28.9, 33.0, 34.1, 39.5, 47.0, 47.6, 48.2, 48.2, 55.5, 65.7, 65.8, 66.1, 73.1, 78.4, 79.1, 5.4, 40.8, 61.9, 65.7, 69.4, 80.9, 81.0, 30.3, 63.8, 63.8, 72.1, 76.8, 3.3, 16.9, 21.2, 26.5, 32.0, 36.7, 65.1, 67.7, 72.8, 72.8, 7.1, 21.9, 46.1, 69.9, 72.6, 86.6, 5.5, 5.5, 8.2, 47.6, 50.6, 54.1, 68.1, 68.3, 1.9, 15.9, 21.0, 53.1, 53.6, 61.5, 61.5, 65.7, 65.8, 83.9, 92.5, 92.6, 93.8, 14.4, 23.6, 23.6, 23.6, 36.7, 42.2, 43.4, 62.2, 62.3, 48.6, 59.6, 62.9, 72.9, 73.5, 22.1, 28.6, 38.4, 38.5, 45.0, 49.3, 50.0, 68.0, 89.1]",Burnley,0.3023255813953488,0.4186046511627907
1651,"[44.6, 55.3, 55.4, 56.0, 56.0, 56.0, 12.7, 27.1, 72.3, 76.3, 89.7, 15.1, 15.7, 18.8, 22.2, 34.3, 36.7, 46.1, 51.3, 55.3, 66.5, 74.1, 75.2, 86.2, 90.8, 2.1, 13.3, 19.8, 22.1, 24.9, 26.5, 32.8, 41.0, 44.9, 47.1, 57.4, 62.6, 8.7, 29.3, 50.7, 50.7, 51.1, 54.8, 74.5, 85.9, 4.3, 5.4, 6.7, 10.9, 50.2, 55.4, 4.7, 22.6, 22.6, 28.2, 34.6, 44.2, 54.4, 83.3, 91.5, 31.0, 31.0, 39.9, 64.7, 74.6, 75.4, 77.3, 81.7, 81.8, 86.4, 91.5, 4.3, 9.7, 46.2, 46.6, 73.1, 78.7, 18.4, 40.9, 41.3, 51.1, 56.5, 70.4, 71.4, 76.3, 24.9, 28.9, 32.0, 32.6, 38.5, 9.4, 15.8, 17.5, 22.5, 24.6, 43.6, 59.4, 80.6, 11.0, 14.1, 46.5, 71.4, 75.3, 83.5, 85.2, 9.5, 21.5, 26.9, 26.9, 37.3, 56.2, 70.3, 71.8, 82.5, 16.4, 47.6, 68.9, 72.4, 83.6, 34.9, 46.4, 52.0, 63.1, 78.3, 79.8, 79.8, 4.5, 35.7, 49.0, 59.1, 63.3, 69.1, 70.0, 12.1, 13.3, 19.8, 19.9, 22.0, 32.8, 42.6, 87.7, 89.9, 91.6, 4.7, 6.3, 8.3, 30.4, 35.6, 47.9, 52.9, 56.8, 57.0, 63.6, 68.4, 72.8, 83.5, 83.5, 15.5, 53.8, 72.1, 90.6, 91.7, 5.8, 15.6, 25.7, 29.4, 37.5, 41.8, 67.7, 74.9, 4.6, 8.5, 21.0, 21.1, 27.4, 42.5, 47.3, 52.7, 55.9, 58.2, 58.9, 67.4, 70.3, 1.4, 20.8, 27.6, 27.7, 37.0, 37.1, 37.6, 43.2, 52.0, 66.7, 71.5, 72.6, 90.0, 4.4, 13.8, 24.6, 29.5, 32.1, 49.8, 61.3, 65.4, 68.5, 89.7, 91.5, 0.4, 10.1, 10.9, 29.2, 41.3, 85.5, 88.6, 2.8, 7.0, 9.6, 15.0, 17.3, 18.1, 21.8, 26.6, 31.8, 32.6, 34.5, 38.2, 58.7, 66.0, 70.5, 73.2, 74.6, 77.6, 77.6, 85.2, 87.2, 89.4, 89.5, 1.5, 16.3, 25.0, 27.9, 31.5, 45.3, 50.4, 55.8, 58.1, 59.4, 74.7, 76.6, 77.5, 84.4, 6.0, 6.9, 10.5, 13.0, 13.2, 43.7, 47.3, 48.4, 54.9, 64.5, 68.6, 72.6, 84.2, 89.3, 6.7, 9.1, 9.8, 17.0, 17.8, 19.4, 22.4, 25.7, 28.4, 31.6, 40.8, 55.2, 70.2, 24.6, 42.4, 49.4, 68.8, 73.9, 77.5, 84.7, 90.6, 91.1, 94.2, 10.5, 19.6, 57.5, 57.6, 81.9, 93.0, 10.9, 12.3, 34.0, 36.7, 40.1, 46.0, 48.4, 48.5, 53.1, 54.8, 68.4, 91.6, 0.4, 2.8, 7.7, 12.3, 28.5, 50.8, 52.0, 59.7, 78.4, 79.9, 80.4, 86.0, 17.4, 19.5, 22.8, 33.6, 60.4, 67.7, 82.0, 82.8, 88.2, 17.8, 19.6, 24.4, 27.0, 29.2, 74.5, 85.8, 18.8, 28.3, 33.5, 38.8, 45.6, 48.5, 68.1, 83.9, 6.2, 6.4, 6.6, 10.0, 12.5, 19.4, 27.5, 28.2, 52.6, 56.6, 64.8, 36.0, 52.4]",Brighton & Hove Albion,0.3492957746478873,0.323943661971831
1659,"[44.7, 49.6, 59.9, 60.1, 67.7, 74.0, 82.1, 94.7, 6.0, 13.8, 30.6, 31.0, 46.5, 81.0, 91.9, 4.4, 11.8, 12.0, 18.1, 18.2, 60.3, 67.4, 95.8, 100.2, 47.8, 47.8, 67.0, 84.6, 88.3, 10.2, 14.0, 20.0, 23.0, 29.9, 43.9, 44.9, 52.5, 53.2, 65.8, 66.2, 70.7, 72.9, 15.9, 48.2, 50.4, 57.0, 58.8, 60.3, 71.4, 84.0, 2.4, 2.4, 4.1, 8.0, 22.6, 41.7, 45.2, 49.3, 54.9, 62.6, 67.8, 69.7, 69.8, 72.1, 72.9, 75.8, 85.0, 91.7, 92.3, 18.0, 19.7, 77.1, 77.6, 15.3, 30.2, 38.2, 42.6, 87.6, 16.9, 48.0, 56.3, 65.4, 71.1, 92.3, 10.7, 30.7, 34.8, 36.7, 36.9, 40.2, 43.3, 49.5, 51.4, 61.8, 70.4, 72.7, 85.0, 88.3, 91.1, 91.5, 12.4, 19.0, 25.9, 30.6, 33.7, 40.6, 41.5, 69.0, 83.2, 1.4, 12.5, 18.8, 42.5, 47.9, 69.3, 71.1, 92.3, 5.6, 19.7, 33.4, 43.7, 44.1, 60.3, 78.3, 81.3, 19.5, 19.5, 19.9, 23.0, 29.7, 36.1, 38.0, 41.0, 49.7, 50.0, 56.8, 56.9, 74.5, 87.7, 93.3, 5.2, 9.5, 36.6, 47.5, 46.1, 56.5, 57.0, 58.3, 69.1, 73.3, 95.7, 2.3, 16.8, 19.5, 20.9, 22.7, 29.6, 33.6, 46.4, 54.0, 73.6, 80.5, 81.6, 93.8, 18.1, 38.2, 42.9, 55.3, 59.5, 61.4, 9.2, 42.2, 88.3, 3.9, 13.3, 15.5, 21.1, 22.0, 22.3, 28.9, 39.7, 46.9, 47.0, 47.7, 50.5, 56.4, 62.5, 63.5, 66.0, 72.0, 77.7, 77.7, 79.9, 83.3, 90.3, 6.8, 17.8, 20.1, 27.3, 28.0, 32.1, 48.6, 51.0, 60.7, 73.5, 76.1, 80.4, 80.6, 85.1, 86.5, 87.9, 95.2, 11.6, 22.5, 30.1, 30.1, 31.8, 32.2, 41.7, 44.7, 45.2, 45.7, 48.7, 51.0, 61.0, 64.0, 72.2, 72.9, 73.8, 78.3, 78.4, 85.0, 85.9, 86.7, 3.5, 38.7, 38.8, 39.6, 40.7, 50.5, 54.6, 65.0, 65.9, 69.1, 73.8, 75.4, 84.1, 29.9, 32.6, 39.6, 44.2, 71.0, 74.2, 74.7, 86.4, 96.0, 4.0, 11.7, 11.9, 23.3, 24.3, 50.2, 53.1, 63.2, 65.6, 66.1, 66.2, 7.3, 16.3, 34.8, 39.5, 45.4, 65.4, 67.6, 69.9, 76.0, 78.6, 93.5, 13.0, 28.2, 30.7, 43.9, 79.9, 82.9, 89.7, 2.7, 7.3, 9.7, 23.3, 38.6, 41.4, 43.1, 56.6, 59.8, 62.4, 73.0, 74.4, 79.3, 88.1, 88.3, 93.2, 93.8, 9.9, 22.7, 23.7, 24.5, 54.6, 73.6, 86.2, 3.7, 4.5, 4.6, 6.3, 10.0, 34.0, 38.9, 46.3, 57.8, 67.2, 67.7, 74.1, 6.2, 12.9, 17.5, 20.9, 38.6, 47.8, 51.7, 53.3, 53.6, 60.9, 67.3, 76.6, 3.3, 6.3, 24.5, 37.6, 38.2, 41.2, 51.1, 61.9, 76.2, 89.4, 91.4, 0.7, 2.0, 5.6, 6.9, 17.6, 28.5, 30.0, 36.0, 41.5, 41.6, 45.9, 48.2, 48.8, 64.5, 72.7, 76.7, 88.5, 7.7, 56.8, 81.4, 81.6, 81.9, 83.1, 84.6, 10.2, 23.3, 30.1, 44.0, 81.4, 85.2, 87.0, 36.8, 43.5, 43.6, 45.1, 50.1, 56.8, 61.6, 85.4, 88.0, 89.9, 90.0, 90.3, 93.5, 4.7, 15.8, 18.6, 36.4, 46.1, 57.9, 72.7, 73.7, 79.8, 84.6, 94.7, 20.7, 24.9, 25.4, 27.5, 40.6, 46.6, 46.6, 56.4, 56.8, 72.9, 73.0, 82.8, 88.2, 92.3]",AFC Bournemouth,0.26150121065375304,0.39951573849878935
1673,"[1.7, 17.0, 19.8, 25.1, 31.9, 47.1, 47.2, 77.7, 3.9, 7.6, 8.8, 8.8, 14.6, 49.1, 2.5, 13.1, 18.6, 18.8, 22.3, 30.2, 34.7, 35.8, 39.8, 56.7, 67.8, 67.9, 73.9, 75.3, 75.8, 81.7, 46.9, 53.7, 61.1, 67.5, 75.4, 79.2, 79.7, 80.3, 87.1, 91.2, 2.7, 3.3, 3.9, 5.6, 10.5, 17.8, 37.6, 45.7, 51.5, 63.8, 76.7, 83.9, 32.0, 42.0, 46.5, 47.9, 51.9, 64.9, 75.7, 76.2, 4.4, 7.9, 14.4, 42.0, 84.8, 91.9, 3.1, 22.5, 26.5, 60.0, 80.5, 81.8, 90.8, 13.3, 27.3, 27.4, 32.8, 60.6, 11.2, 17.0, 31.4, 35.4, 38.6, 44.0, 5.9, 7.9, 8.0, 9.4, 10.4, 18.1, 37.9, 44.7, 51.8, 65.4, 70.6, 73.6, 81.8, 82.1, 82.2, 86.7, 91.6, 16.8, 40.5, 45.7, 85.7, 21.1, 37.7, 38.5, 50.2, 52.8, 53.3, 64.5, 5.1, 50.5, 58.5, 75.7, 7.8, 11.7, 33.0, 42.5, 49.4, 54.7, 55.4, 56.4, 58.5, 59.4, 67.9, 70.3, 71.8, 72.1, 72.3, 77.1, 81.8, 85.1, 9.7, 61.0, 61.8, 65.6, 89.1, 91.5, 3.2, 5.5, 5.6, 13.7, 22.4, 48.7, 48.4, 48.5, 49.3, 80.4, 87.1, 93.1, 93.3, 4.3, 6.4, 14.8, 14.8, 15.2, 28.2, 62.7, 63.4, 65.4, 4.6, 6.4, 9.2, 23.4, 40.6, 41.3, 44.1, 46.3, 51.4, 55.8, 56.2, 64.0, 88.8, 93.2, 94.1, 7.6, 8.9, 44.5, 0.9, 21.4, 48.4, 62.9, 67.1, 74.8, 5.2, 8.4, 38.5, 39.8, 53.0, 69.2, 73.4, 89.4, 27.2, 55.8, 72.0, 74.0, 78.0, 86.7, 16.2, 86.6, 88.1, 44.9, 45.0, 6.9, 22.9, 26.9, 32.6, 37.8, 41.7, 45.3, 47.9, 60.9, 65.9, 66.9, 83.2, 35.0, 35.1, 40.7, 43.8, 47.0, 53.5, 55.6, 58.0, 65.9, 71.5, 77.2, 79.3, 80.8, 93.1, 30.2, 53.0, 79.8, 2.4, 5.2, 14.5, 16.7, 18.3, 19.1, 21.5, 23.8, 25.1, 30.8, 38.8, 41.2, 43.0, 47.5, 50.4, 56.9, 60.0, 61.3, 63.2, 63.8, 71.4, 73.5, 79.6, 79.7, 85.5, 89.8, 90.5, 62.8, 74.9, 80.1, 85.4, 87.7, 93.7, 2.9, 23.9, 58.3, 64.0, 4.0, 6.6, 6.8, 32.0, 36.6, 36.6, 45.6, 61.4, 62.8, 64.6, 81.7, 87.3, 91.0, 93.4, 7.9, 37.9, 66.0, 66.0, 69.0, 81.3, 90.4, 49.1, 76.1, 16.6, 19.9, 29.8, 34.3, 35.9, 36.2, 60.4, 83.1, 94.3, 9.8, 11.0, 19.8, 29.5, 90.6, 2.8, 4.8, 4.9, 10.7, 13.1, 27.3, 53.3, 53.4, 55.4, 59.5, 60.4, 63.7, 70.7, 77.8, 85.7, 87.3, 90.2, 92.5]",Huddersfield Town,0.29754601226993865,0.39570552147239263
10531,"[9.8, 45.9, 46.0, 49.0, 2.8, 4.8, 22.8, 34.0, 57.8, 60.3, 91.8, 2.7, 6.8, 35.6, 43.6, 47.3, 64.5, 37.5, 38.1, 42.3, 55.3, 59.7, 87.5, 91.5, 91.9, 5.0, 43.0, 77.4, 14.5, 19.9, 38.3, 40.9, 43.2, 53.8, 55.5, 55.5, 14.5, 20.8, 21.6, 25.4, 74.9, 7.4, 8.1, 41.7, 47.5, 47.5, 78.3, 21.1, 22.0, 31.5, 36.3, 36.8, 43.9, 44.7, 53.5, 53.6, 55.1, 58.6, 66.6, 68.5, 80.7, 84.1, 85.1, 87.3, 89.1, 93.5, 21.4, 39.7, 44.9, 51.7, 76.5, 22.0, 34.9, 51.4, 51.9, 81.4, 91.0, 93.1, 1.8, 24.8, 46.0, 49.2, 51.8, 53.9, 58.8, 75.2, 77.6, 94.5, 35.5, 35.8, 38.6, 45.6, 52.2, 54.0, 82.6, 82.7, 86.1, 65.3, 72.2, 72.4, 2.3, 20.7, 29.8, 31.9, 46.7, 57.8, 60.1, 67.4, 2.6, 22.4, 33.5, 38.3, 40.6, 54.7, 56.0, 63.8, 75.2, 77.0, 80.0, 80.6, 84.6, 88.6, 90.7, 9.4, 62.3, 63.8, 86.1, 88.8, 6.7, 20.8, 22.9, 34.9, 40.7, 65.3, 68.9, 20.7, 21.0, 60.1, 64.6, 71.2, 76.7, 78.6, 8.3, 19.3, 36.4, 48.6, 59.9, 93.2, 4.9, 22.6, 31.9, 57.4, 59.8, 77.9, 85.4, 89.4, 89.4, 39.5, 47.7, 64.3, 69.5, 83.8, 83.9, 84.3, 14.7, 34.6, 35.7, 46.4, 59.9, 59.9, 92.8, 35.4, 40.0, 69.8, 6.5, 15.9, 27.3, 30.5, 33.9, 39.6, 50.3, 60.8, 70.1, 70.9, 85.8, 52.3, 57.7, 61.8, 36.3, 43.6, 45.4, 60.6, 62.4, 77.5, 77.7, 79.0, 79.0, 80.9, 86.7, 89.0, 5.6, 25.3, 26.5, 45.0, 45.1, 49.5, 51.1, 81.9, 82.0, 84.7, 91.5, 7.9, 16.1, 30.6, 31.5, 47.0, 47.4, 47.4, 67.6, 7.0, 7.3, 25.3, 34.7, 41.5, 46.7, 48.2, 69.2, 85.5, 91.1, 95.2, 58.8, 59.0, 70.8, 9.9, 19.7, 39.4, 55.7, 63.4, 74.6, 77.6, 5.6, 9.7, 10.9, 18.4, 20.9, 21.5, 21.5, 25.5, 45.7, 49.0, 50.5, 66.7, 69.1, 70.9, 77.1, 44.3, 55.9, 78.3, 22.6, 26.7, 51.0, 71.7, 76.0, 76.3, 77.1, 85.6, 88.1, 89.4, 11.3, 11.4, 11.5, 13.8, 20.8, 25.9, 30.5, 39.8, 45.4, 47.5, 56.1, 66.8, 13.4, 13.4, 13.9, 17.7, 19.2, 23.5, 30.5, 57.5, 65.6, 69.8, 72.5, 72.6, 73.3, 74.3, 74.8, 75.2, 77.1, 77.1, 77.2, 81.6, 83.7, 83.8, 83.8, 86.7]",Swansea City,0.23684210526315788,0.39144736842105265
