matchId,shots_array,total_shots,late_game_shots,late_game_density
2499719,"[0.9, 3.4, 11.8, 15.3, 17.5, 18.7, 24.2, 24.8, 33.6, 36.1, 37.2, 45.1, 49.4, 53.7, 57.9, 67.1, 75.4, 87.0, 88.7, 89.6, 93.8]",21,6,0.2857142857142857
2499720,"[15.8, 18.8, 26.4, 30.4, 38.0, 40.3, 43.2, 43.8, 64.2, 73.2, 78.0, 78.3, 81.5, 88.9, 92.1]",15,7,0.4666666666666667
2499721,"[2.0, 9.3, 13.0, 15.2, 15.9, 18.6, 28.7, 37.9, 41.4, 44.7, 46.2, 46.5, 53.3, 54.7, 59.9, 62.4, 64.6, 66.3, 68.9, 70.1, 70.7, 73.3, 75.9, 80.6, 88.3, 90.8, 92.5]",27,12,0.4444444444444444
2499722,"[0.3, 3.9, 6.5, 7.7, 9.3, 11.3, 13.9, 15.4, 20.8, 23.6, 26.1, 27.8, 38.6, 39.3, 55.9, 58.0, 59.7, 65.2, 66.2, 70.3, 72.6, 81.2, 86.3, 87.5, 90.4, 92.8]",26,9,0.34615384615384615
2499723,"[3.5, 13.3, 14.0, 15.5, 17.3, 25.8, 28.6, 31.8, 40.5, 41.5, 46.6, 49.7, 51.8, 53.9, 56.8, 58.2, 63.9, 64.7, 78.9, 84.6, 87.1, 91.8, 93.2]",23,7,0.30434782608695654
2499724,"[0.7, 1.8, 3.5, 17.8, 19.2, 29.4, 30.7, 31.8, 34.9, 36.0, 37.8, 41.9, 42.5, 44.1, 46.3, 49.8, 50.9, 59.2, 65.7, 66.5, 66.9, 69.0, 72.6, 76.1, 78.5, 88.1]",26,8,0.3076923076923077
2499725,"[0.6, 14.8, 20.8, 26.8, 30.4, 37.2, 45.9, 47.3, 45.4, 47.5, 47.9, 51.1, 55.5, 56.4, 63.0, 74.2, 85.3]",17,3,0.17647058823529413
2499726,"[8.8, 12.0, 13.0, 13.7, 15.0, 16.5, 21.4, 21.9, 22.6, 28.2, 31.1, 31.9, 32.4, 42.3, 45.1, 55.0, 57.3, 57.7, 62.6, 71.5, 87.2, 88.0, 89.4, 90.1]",24,6,0.25
2499727,"[0.9, 2.4, 19.1, 26.3, 27.4, 33.7, 36.4, 38.6, 39.4, 40.0, 45.6, 46.7, 48.7, 47.7, 51.7, 53.9, 60.6, 64.8, 67.0, 68.0, 73.6, 87.6, 91.7]",23,7,0.30434782608695654
2499728,"[9.3, 12.4, 20.3, 29.2, 33.6, 48.9, 54.7, 64.9, 66.1, 67.0, 67.9, 70.0, 80.3, 81.4, 83.0, 85.3, 89.4, 94.1]",18,11,0.6111111111111112
2499729,"[9.5, 20.4, 21.2, 24.5, 26.6, 33.0, 36.4, 41.8, 42.3, 44.5, 60.4, 60.6, 62.6, 64.0, 68.2, 69.4, 70.3, 78.4, 89.4, 91.4, 92.9]",21,11,0.5238095238095238
2499730,"[19.4, 20.1, 25.0, 33.2, 34.1, 36.1, 37.9, 45.9, 47.5, 50.3, 53.0, 63.7, 65.4, 66.4, 67.2, 73.0, 74.3, 77.3, 79.8, 82.6, 91.8, 92.7]",22,11,0.5
2499731,"[2.0, 4.6, 9.9, 20.5, 23.7, 28.2, 30.2, 33.1, 35.9, 40.5, 52.8, 53.8, 54.4, 57.9, 62.0, 63.3, 65.4, 76.7, 78.7, 82.0, 87.5, 88.8, 90.4]",23,9,0.391304347826087
2499732,"[4.5, 13.1, 24.1, 25.7, 31.9, 38.2, 39.6, 44.8, 49.2, 50.2, 52.4, 56.2, 56.7, 57.4, 65.4, 74.7, 77.6, 81.2]",18,4,0.2222222222222222
2499733,"[3.0, 4.6, 7.5, 13.9, 14.9, 17.3, 21.3, 28.1, 32.3, 36.4, 41.4, 45.6, 50.8, 62.3, 63.3, 68.8, 70.5, 75.9, 77.1, 83.5, 84.6, 85.6, 86.0, 91.4, 93.8, 94.2]",26,13,0.5
2499734,"[4.7, 6.7, 21.9, 29.3, 36.7, 38.4, 41.2, 44.1, 45.6, 53.4, 56.5, 62.3, 77.0, 79.2, 83.0, 87.7]",16,5,0.3125
2499735,"[6.4, 11.7, 17.0, 18.5, 20.5, 26.5, 28.6, 29.4, 38.4, 43.3, 44.8, 46.8, 50.6, 73.3, 79.4, 81.9, 88.0]",17,4,0.23529411764705882
2499736,"[8.1, 9.8, 17.1, 18.3, 19.9, 25.8, 29.5, 37.1, 39.4, 42.5, 51.3, 53.1, 53.4, 56.3, 61.0, 71.4, 72.2, 78.8, 79.3, 85.2, 89.3, 90.1, 91.1]",23,9,0.391304347826087
2499737,"[0.3, 5.2, 15.7, 16.6, 19.2, 20.7, 21.9, 22.6, 24.9, 25.2, 26.8, 27.6, 30.0, 30.7, 32.7, 33.0, 37.3, 40.8, 42.3, 47.3, 46.8, 50.1, 52.7, 57.1, 61.0, 65.8, 80.8, 82.8, 85.2, 89.2, 90.0, 91.1, 92.3, 93.5]",34,10,0.29411764705882354
2499738,"[0.4, 4.2, 10.9, 14.1, 21.4, 32.3, 35.1, 36.9, 42.0, 44.1, 47.8, 52.3, 56.8, 58.1, 58.4, 59.1, 60.1, 64.7, 70.2, 73.2, 74.6, 79.7, 81.0, 81.9, 85.6, 90.4]",26,10,0.38461538461538464
2499739,"[0.7, 1.2, 2.4, 6.8, 7.1, 10.3, 11.0, 20.7, 21.9, 22.3, 29.1, 32.2, 34.1, 37.7, 45.7, 47.5, 51.7, 55.7, 56.2, 61.1, 66.7, 73.9, 75.6, 78.6, 83.0, 84.9, 92.1, 94.2, 96.2, 98.6]",30,11,0.36666666666666664
2499740,"[1.4, 5.1, 8.2, 19.1, 21.9, 26.1, 33.8, 45.8, 46.7, 53.9, 62.6, 66.0, 70.1, 74.2, 75.3, 78.7, 79.8, 86.3, 87.7]",19,9,0.47368421052631576
2499741,"[9.6, 29.9, 31.7, 52.8, 53.4, 58.2, 63.7, 66.2, 72.3, 74.6, 76.6, 78.7, 79.5, 82.1, 91.4, 92.8]",16,10,0.625
2499742,"[1.2, 1.9, 2.8, 12.5, 15.8, 17.5, 29.2, 30.8, 32.2, 45.4, 47.5, 57.5, 62.4, 66.6, 67.4, 69.0, 71.2, 80.4, 92.3]",19,7,0.3684210526315789
2499743,"[19.0, 21.2, 22.7, 25.4, 29.7, 36.7, 37.9, 43.3, 45.5, 48.7, 51.7, 57.9, 69.7, 72.0, 75.8, 87.7]",16,4,0.25
2499744,"[1.6, 2.4, 5.3, 8.9, 11.3, 35.6, 42.4, 44.6, 45.3, 48.0, 51.3, 53.8, 59.8, 77.8, 88.0, 90.5]",16,3,0.1875
2499745,"[0.5, 1.2, 4.7, 9.5, 11.1, 13.5, 14.8, 16.9, 28.2, 31.4, 40.8, 41.4, 42.4, 47.4, 49.7, 50.5, 56.0, 57.2, 61.1, 64.9, 66.4, 70.6, 77.3, 78.4, 82.9, 85.0, 90.8, 91.5, 92.8]",29,11,0.3793103448275862
2499746,"[3.3, 14.9, 16.6, 20.6, 23.5, 29.6, 30.5, 38.7, 41.0, 43.4, 54.2, 55.8, 62.3, 71.7, 79.8, 82.6, 93.5]",17,5,0.29411764705882354
2499747,"[7.6, 11.0, 11.7, 14.3, 16.5, 23.6, 26.9, 31.5, 32.9, 38.9, 44.9, 47.8, 47.1, 48.6, 53.1, 53.6, 57.3, 60.6, 64.8, 70.2, 71.2, 78.2, 83.2, 84.7, 87.7, 91.9]",26,9,0.34615384615384615
2499748,"[7.4, 11.4, 18.5, 24.2, 29.9, 31.0, 32.7, 34.7, 36.5, 37.3, 51.6, 53.6, 56.2, 62.2, 64.8, 77.8, 79.9, 83.5, 86.9, 90.1]",20,7,0.35
2499749,"[1.7, 3.2, 8.3, 9.1, 14.4, 19.2, 22.4, 28.3, 33.0, 40.5, 43.6, 47.1, 45.4, 53.8, 60.4, 60.7, 62.6, 66.2, 69.0, 73.5, 75.8, 82.9, 88.9, 91.7]",24,10,0.4166666666666667
2499750,"[3.0, 6.4, 9.8, 11.9, 12.6, 17.4, 20.4, 28.1, 37.4, 51.7, 80.1, 89.9]",12,2,0.16666666666666666
2499751,"[17.9, 18.7, 23.8, 26.8, 28.3, 30.2, 31.8, 33.5, 42.0, 42.9, 44.2, 46.4, 48.3, 58.5, 60.3, 67.9, 72.5, 74.8, 76.1, 77.5, 89.8, 91.1]",22,8,0.36363636363636365
2499752,"[0.7, 1.7, 4.8, 6.7, 8.4, 10.0, 12.6, 17.3, 21.9, 25.2, 38.3, 39.3, 44.9, 49.4, 51.4, 56.1, 59.1, 60.3, 64.5, 65.3, 71.6, 73.0, 77.8, 80.6, 85.5, 86.1, 87.3]",27,10,0.37037037037037035
2499753,"[2.5, 6.6, 14.9, 18.6, 19.3, 20.9, 21.9, 30.9, 36.4, 41.8, 60.6, 63.9, 66.8, 68.5, 71.5, 82.5, 84.0, 88.8, 90.0]",19,9,0.47368421052631576
2499754,"[2.6, 5.2, 11.5, 18.3, 18.9, 25.5, 27.1, 30.4, 34.2, 36.3, 49.2, 49.6, 68.9, 74.6, 75.0, 79.6, 83.5, 84.5, 86.4]",19,7,0.3684210526315789
2499755,"[5.1, 15.0, 19.0, 19.8, 20.5, 27.7, 35.2, 40.7, 47.5, 50.4, 55.8, 66.2, 72.3, 84.3, 89.1, 90.2, 90.8, 91.1]",18,7,0.3888888888888889
2499756,"[1.8, 12.1, 12.9, 16.6, 23.9, 37.0, 38.4, 44.0, 47.4, 48.6, 60.0, 67.9, 75.6, 78.5, 79.1, 81.6, 85.5, 85.8, 86.9, 89.0]",20,10,0.5
2499757,"[1.4, 3.0, 6.8, 7.8, 14.0, 21.8, 22.8, 23.9, 25.1, 30.9, 36.0, 39.4, 41.0, 44.4, 47.4, 48.3, 56.5, 58.7, 63.1, 79.1, 81.4, 81.8, 82.5, 86.4, 88.2, 93.4]",26,8,0.3076923076923077
2499758,"[5.3, 5.7, 6.4, 8.1, 13.1, 14.9, 16.3, 17.8, 20.3, 21.6, 24.9, 31.3, 34.6, 39.0, 41.4, 42.6, 44.5, 45.4, 46.4, 48.5, 51.5, 56.9, 70.3, 74.1, 75.7]",25,3,0.12
2499759,"[2.8, 9.4, 20.9, 21.4, 23.7, 31.7, 38.8, 41.2, 75.2, 76.7, 78.1, 80.1, 84.8, 87.1, 89.4, 90.1, 94.2]",17,9,0.5294117647058824
2499760,"[6.4, 19.9, 21.0, 24.9, 28.7, 32.9, 35.7, 41.9, 50.7, 51.3, 54.1, 58.1, 59.3, 64.8, 66.4, 73.4, 74.3, 77.4, 79.3, 83.3, 83.7, 86.8, 89.6, 90.3, 90.8, 92.4]",26,13,0.5
2499761,"[4.5, 6.8, 7.6, 9.1, 12.2, 12.8, 17.5, 18.5, 22.3, 24.9, 32.6, 34.0, 40.2, 46.0, 47.2, 49.4, 54.9, 60.6, 64.3, 64.9, 65.8, 66.8, 71.7, 74.8, 76.2, 81.4, 91.5, 94.0]",28,11,0.39285714285714285
2499762,"[19.9, 32.4, 37.8, 39.4, 44.9, 46.7, 48.6, 61.4, 68.7, 70.4, 79.1, 84.9]",12,5,0.4166666666666667
2499763,"[0.5, 1.9, 10.6, 22.9, 30.8, 36.0, 38.4, 40.4, 43.7, 50.1, 51.7, 54.7, 66.9, 75.2, 87.1, 88.0, 88.8, 92.7, 92.7]",19,7,0.3684210526315789
2499764,"[1.5, 11.0, 14.2, 14.8, 17.6, 21.6, 23.1, 26.3, 27.4, 30.8, 33.0, 36.4, 45.4, 47.5, 47.8, 52.0, 56.4, 62.9, 64.5, 66.2, 68.6, 70.2, 71.3, 80.4, 80.9, 81.4, 87.9, 90.9]",28,11,0.39285714285714285
2499765,"[2.0, 8.2, 9.8, 24.8, 27.7, 29.1, 32.4, 33.7, 36.4, 39.3, 39.9, 44.3, 45.9, 46.6, 50.4, 53.8, 71.8, 76.2, 78.0, 80.5, 83.8, 84.1, 85.9, 89.4]",24,8,0.3333333333333333
2499766,"[7.8, 21.4, 30.7, 33.1, 33.6, 41.2, 41.8, 43.6, 45.4, 46.9, 62.4, 69.4, 75.3, 76.7, 78.6, 79.2, 85.4, 86.7, 92.5, 92.6, 93.1]",21,11,0.5238095238095238
2499767,"[2.3, 3.8, 23.0, 25.8, 28.0, 39.1, 42.7, 48.3, 49.3, 70.6, 84.4, 87.3, 89.6, 92.8]",14,5,0.35714285714285715
2499768,"[0.8, 3.8, 8.2, 14.8, 22.6, 34.1, 46.1, 47.7, 50.1, 53.1, 53.7, 65.0, 66.7, 68.2, 69.8, 76.1, 77.3, 81.9, 82.8, 85.4, 92.9, 93.3, 95.0]",23,12,0.5217391304347826
2499769,"[3.2, 4.9, 9.2, 17.2, 18.1, 22.0, 24.3, 26.3, 34.5, 40.1, 42.6, 43.1, 48.7, 51.9, 54.1, 55.0, 57.8, 59.0, 63.7, 65.8, 71.2, 78.7, 83.7, 86.7, 88.1, 92.6]",26,8,0.3076923076923077
2499770,"[0.5, 12.2, 17.4, 25.6, 36.9, 39.1, 44.5, 49.3, 51.8, 56.3, 60.6, 73.4, 75.9, 92.8]",14,4,0.2857142857142857
2499771,"[4.4, 4.9, 5.9, 6.9, 10.0, 23.5, 28.6, 31.5, 33.0, 40.8, 49.1, 52.6, 54.5, 64.0, 67.9, 74.5, 78.1, 84.1, 86.5, 88.7, 89.7, 91.9]",22,9,0.4090909090909091
2499772,"[2.2, 10.7, 14.8, 16.5, 26.3, 27.3, 28.2, 31.4, 32.9, 34.9, 37.0, 42.3, 42.9, 53.4, 55.1, 56.3, 57.9, 63.7, 73.6, 79.7, 91.4, 92.0]",22,5,0.22727272727272727
2499773,"[2.5, 3.2, 3.5, 6.5, 8.9, 10.8, 16.4, 18.6, 21.1, 26.4, 37.2, 38.5, 46.3, 49.0, 50.1, 57.8, 63.1, 63.5, 68.3, 71.2, 76.3, 82.4, 83.7, 89.5, 91.1, 94.4]",26,10,0.38461538461538464
2499774,"[1.0, 15.9, 19.4, 19.9, 23.3, 32.0, 34.0, 39.7, 55.0, 75.6, 81.3, 83.2, 92.1]",13,4,0.3076923076923077
2499775,"[3.3, 11.6, 13.2, 21.2, 21.9, 25.5, 36.4, 42.5, 46.2, 49.2, 52.4, 54.0, 57.4, 62.6, 68.8, 70.1, 75.1, 81.4, 83.9, 87.4, 87.5, 90.8]",22,9,0.4090909090909091
2499776,"[2.9, 12.5, 13.5, 22.8, 24.4, 25.7, 26.5, 32.3, 38.0, 48.0, 50.9, 52.0, 56.4, 58.6, 70.7, 72.7, 73.5, 79.3, 88.1]",19,5,0.2631578947368421
2499777,"[3.4, 5.4, 15.2, 18.5, 19.4, 22.3, 27.1, 29.2, 32.7, 33.8, 35.2, 42.5, 45.3, 48.4, 50.9, 52.8, 66.6, 67.4, 71.0, 78.5, 80.1, 82.0, 87.6, 90.4, 91.0]",25,9,0.36
2499778,"[4.7, 5.9, 8.6, 13.2, 17.4, 29.9, 30.2, 31.4, 38.6, 46.9, 46.1, 48.3, 52.1, 53.7, 55.5, 56.5, 58.5, 63.6, 68.4, 69.0, 73.8, 75.4, 79.3, 80.3, 81.9, 83.5, 90.7, 92.8, 94.2, 95.1, 95.2, 95.6, 96.5]",33,16,0.48484848484848486
2499779,"[9.0, 12.6, 14.2, 16.1, 17.2, 18.6, 19.5, 19.8, 28.9, 29.5, 48.6, 51.9, 67.0, 73.9, 89.3, 93.6]",16,4,0.25
2499780,"[2.0, 4.3, 10.0, 12.7, 15.0, 19.3, 21.5, 29.9, 38.1, 48.5, 60.3, 63.1, 74.2, 79.6, 84.9]",15,5,0.3333333333333333
2499781,"[1.4, 3.0, 16.6, 22.1, 22.5, 23.1, 32.0, 36.9, 37.8, 40.7, 43.2, 45.6, 46.3, 57.6, 59.8, 63.1, 68.2, 76.3, 79.9, 88.9, 92.3]",21,6,0.2857142857142857
2499782,"[5.6, 9.8, 15.7, 17.1, 25.2, 37.8, 42.1, 45.0, 46.2, 48.2, 57.9, 68.9, 69.8, 70.8, 72.2, 85.1, 86.5, 89.2, 90.2, 94.0]",20,9,0.45
2499783,"[2.1, 6.1, 11.4, 12.2, 18.5, 33.6, 40.1, 64.2, 65.7, 88.0]",10,3,0.3
2499784,"[6.5, 11.1, 13.7, 16.4, 27.1, 47.3, 52.3, 53.7, 59.5, 60.1, 76.6, 83.4, 84.3, 88.1, 90.5]",15,6,0.4
2499785,"[9.7, 12.7, 27.9, 37.3, 39.3, 52.4, 54.6, 56.3, 56.8, 59.9, 69.9, 70.3, 78.9, 79.6, 82.0, 89.5, 91.6, 92.1]",18,8,0.4444444444444444
2499786,"[2.5, 15.8, 16.6, 20.4, 22.2, 29.8, 35.6, 41.6, 45.7, 49.1, 50.0, 50.9, 51.1, 55.3, 61.3, 61.8, 63.0, 69.1, 80.0, 82.5, 94.5]",21,7,0.3333333333333333
2499787,"[2.4, 3.7, 5.4, 25.0, 30.4, 33.6, 35.1, 42.2, 46.8, 46.5, 47.8, 56.6, 59.0, 65.3, 66.9, 70.2, 75.8, 85.7, 86.4, 86.9, 89.6, 92.7, 92.9, 93.8]",24,11,0.4583333333333333
2499788,"[3.2, 4.7, 11.0, 11.8, 23.8, 24.5, 28.7, 33.3, 35.1, 37.3, 40.8, 45.9, 48.4, 49.1, 53.1, 54.2, 54.9, 59.4, 63.2, 67.1, 67.7, 69.5, 76.5, 81.1, 83.0, 86.0, 89.5]",27,9,0.3333333333333333
2499789,"[0.2, 12.9, 22.0, 23.4, 25.4, 39.3, 40.8, 45.5, 49.1, 52.0, 55.6, 58.0, 60.5, 62.2, 63.4, 66.2, 67.0, 68.8, 85.7, 87.3, 87.8, 90.8, 92.4]",23,11,0.4782608695652174
2499790,"[0.6, 1.6, 9.4, 11.2, 14.5, 15.4, 16.6, 23.3, 24.7, 26.4, 30.0, 35.5, 40.2, 41.4, 48.2, 54.1, 59.4, 65.8, 66.9, 68.1, 70.8, 75.6, 79.0, 84.5, 84.6, 85.4, 85.8]",27,10,0.37037037037037035
2499791,"[23.5, 29.9, 33.8, 39.4, 42.5, 46.6, 70.4, 74.3, 80.5, 82.4, 84.4, 86.6, 91.4, 92.0]",14,8,0.5714285714285714
2499792,"[1.5, 4.9, 7.1, 15.9, 28.9, 42.5, 45.3, 45.3, 48.9, 53.8, 56.4, 58.6, 61.1, 64.7, 67.9, 71.4, 82.5, 88.7, 92.9]",19,7,0.3684210526315789
2499793,"[4.2, 12.4, 16.8, 21.3, 26.3, 35.8, 37.6, 41.1, 46.1, 47.6, 49.0, 68.5, 72.2, 73.6, 76.1, 76.6, 81.1, 81.9, 86.0, 87.8]",20,9,0.45
2499794,"[11.2, 19.3, 23.3, 29.1, 31.9, 38.1, 45.2, 48.8, 58.5, 63.9, 80.2, 91.1]",12,3,0.25
2499795,"[9.1, 24.2, 26.8, 30.2, 33.0, 36.4, 37.0, 38.1, 43.4, 45.8, 51.5, 54.5, 59.6, 67.4, 68.8, 73.9, 75.9, 76.4, 78.1, 80.4, 82.8, 93.5]",22,9,0.4090909090909091
2499796,"[1.4, 6.8, 9.5, 12.2, 14.7, 24.1, 25.5, 28.8, 31.4, 34.0, 37.5, 40.0, 43.4, 44.3, 45.6, 46.5, 48.6, 52.3, 54.6, 60.8, 63.2, 65.9, 71.7, 83.3, 84.7, 85.2, 87.1, 89.2]",28,9,0.32142857142857145
2499797,"[7.4, 7.8, 20.5, 26.4, 28.9, 30.9, 37.7, 38.9, 42.3, 44.8, 75.7, 76.4, 82.3, 83.8, 89.3, 92.9]",16,6,0.375
2499798,"[3.2, 13.4, 16.1, 19.6, 21.2, 22.1, 31.7, 44.0, 44.9, 46.4, 61.1, 63.5, 66.0, 70.2, 74.9, 76.1, 77.0, 83.9, 84.9]",19,9,0.47368421052631576
2499799,"[3.7, 6.3, 8.2, 17.0, 18.8, 19.6, 20.1, 22.1, 25.2, 26.7, 29.4, 37.0, 38.5, 45.2, 51.4, 52.4, 53.9, 55.3, 56.7, 61.3, 68.8, 70.5, 71.7, 74.4, 77.3, 77.4, 81.0, 85.7, 92.7, 93.6]",30,11,0.36666666666666664
2499800,"[0.5, 3.6, 5.2, 15.0, 19.8, 21.5, 23.7, 28.2, 30.2, 32.2, 33.3, 37.3, 46.1, 46.6, 46.3, 47.8, 50.6, 55.7, 56.7, 64.9, 66.5, 67.9, 71.9, 75.1, 78.0, 83.6, 85.6, 87.1, 90.7, 93.4]",30,11,0.36666666666666664
2499801,"[5.0, 7.5, 7.6, 8.1, 8.9, 11.0, 13.6, 17.2, 30.6, 38.4, 42.2, 43.7, 45.3, 45.7, 55.0, 58.2, 59.7, 65.4, 65.8, 67.1, 72.7, 78.6, 85.8, 87.7, 89.8]",25,8,0.32
2499802,"[2.2, 14.8, 20.8, 27.4, 28.8, 28.9, 31.7, 34.4, 39.8, 43.4, 48.0, 50.1, 56.2, 66.8, 71.2, 79.0, 82.9, 90.2]",18,5,0.2777777777777778
2499803,"[2.3, 5.2, 9.3, 15.8, 17.0, 20.0, 26.8, 30.8, 34.1, 43.7, 47.5, 54.8, 59.4, 65.6, 66.9, 69.9, 70.9, 72.3, 74.5, 82.4, 84.4, 86.8, 88.1, 90.4, 92.9, 94.1]",26,13,0.5
2499804,"[10.4, 15.7, 17.0, 18.5, 25.3, 27.4, 31.3, 35.8, 51.8, 53.7, 54.8, 60.0, 60.8, 61.9, 66.0, 78.2, 78.6, 89.9]",18,7,0.3888888888888889
2499805,"[3.5, 6.4, 9.9, 12.2, 16.6, 19.1, 21.5, 23.2, 26.2, 27.2, 30.8, 43.4, 47.7, 47.0, 51.4, 56.2, 57.0, 57.9, 59.0, 63.2, 66.6, 70.8, 73.8, 79.2, 80.6, 86.1, 95.4]",27,8,0.2962962962962963
2499806,"[2.5, 6.0, 14.5, 15.9, 26.7, 35.4, 40.4, 47.5, 50.6, 60.5, 61.1, 62.3, 70.6, 77.8, 89.7]",15,6,0.4
2499807,"[15.4, 42.7, 43.8, 46.8, 52.9, 54.5, 68.1, 81.2, 85.1, 91.8]",10,4,0.4
2499808,"[9.2, 13.4, 14.8, 21.2, 33.0, 34.4, 42.0, 51.1, 54.2, 58.3, 61.4, 63.6, 68.4, 74.1, 79.2, 80.8, 81.6]",17,7,0.4117647058823529
2499809,"[2.0, 3.6, 19.6, 21.8, 23.2, 24.8, 28.6, 58.1, 77.3, 79.1, 87.4]",11,3,0.2727272727272727
2499810,"[0.4, 6.8, 10.5, 19.4, 24.2, 31.3, 32.3, 37.4, 39.1, 46.3, 49.3, 54.1, 65.9, 76.3, 78.7, 82.5, 84.4, 92.3]",18,6,0.3333333333333333
2499811,"[2.9, 5.0, 17.6, 21.0, 29.8, 35.9, 38.5, 39.9, 42.4, 45.6, 45.6, 46.1, 50.5, 58.7, 60.9, 73.6, 77.4, 78.5, 89.9]",19,5,0.2631578947368421
2499812,"[0.1, 6.1, 24.4, 25.8, 31.4, 31.7, 36.3, 36.9, 44.7, 46.4, 51.2, 52.7, 61.9, 65.2, 74.5, 87.6, 90.2, 90.9]",18,6,0.3333333333333333
2499813,"[2.9, 15.1, 19.7, 23.2, 24.7, 25.2, 27.1, 32.4, 35.8, 36.8, 42.0, 44.7, 46.5, 46.5, 47.9, 49.0, 52.1, 56.1, 57.1, 58.8, 59.9, 61.4, 63.1, 64.5, 70.3, 71.7, 78.1, 80.4, 83.5, 84.9, 87.0, 87.9, 93.3]",33,12,0.36363636363636365
2499814,"[3.7, 12.1, 16.5, 19.7, 23.4, 27.1, 34.6, 36.9, 42.1, 45.9, 47.8, 54.6, 55.5, 64.8, 75.3, 93.0]",16,3,0.1875
2499815,"[2.1, 3.9, 4.9, 8.8, 14.0, 32.1, 39.8, 40.6, 43.6, 46.1, 45.7, 50.9, 54.5, 60.9, 71.3, 79.6, 88.7, 90.7]",18,5,0.2777777777777778
2499816,"[11.0, 12.8, 16.6, 24.7, 29.3, 31.7, 33.3, 35.0, 39.6, 41.7, 43.1, 43.8, 44.8, 46.2, 47.3, 48.3, 50.2, 51.6, 66.4, 71.8, 82.6, 84.7, 88.9, 92.2]",24,6,0.25
2499817,"[3.7, 7.6, 9.8, 12.8, 14.0, 32.3, 34.8, 42.4, 45.3, 45.9, 46.0, 57.0, 61.2, 64.3, 64.9, 67.7, 68.7, 75.8, 76.6, 85.2, 86.3, 94.4, 94.4]",23,11,0.4782608695652174
2499818,"[2.0, 9.2, 15.5, 17.8, 18.8, 20.0, 21.1, 38.9, 44.0, 50.6, 59.9, 70.1, 71.1, 73.2, 76.3, 79.7, 82.7, 87.4, 93.7]",19,8,0.42105263157894735
2499819,"[0.7, 1.1, 2.7, 4.2, 6.2, 7.1, 8.3, 14.2, 16.1, 19.4, 19.8, 21.0, 23.2, 25.9, 27.1, 27.9, 35.2, 43.9, 45.9, 48.8, 49.7, 50.5, 51.3, 55.7, 56.0, 56.7, 63.4, 70.3, 70.8, 73.4, 78.7, 80.1, 80.7, 84.8, 88.6, 91.0, 93.0]",37,11,0.2972972972972973
2499820,"[6.4, 14.6, 20.6, 29.4, 30.0, 34.2, 36.3, 37.1, 37.8, 38.5, 44.1, 44.8, 46.0, 50.4, 51.2, 68.5, 71.8, 74.0, 80.0, 81.5, 89.0, 96.9, 99.2, 100.8, 101.7]",25,10,0.4
2499821,"[4.2, 5.7, 16.1, 21.0, 24.6, 29.0, 30.2, 32.2, 34.8, 37.1, 42.6, 43.8, 52.1, 56.7, 63.2, 67.9, 69.2, 71.4, 80.1, 83.2, 86.7, 89.2, 93.9]",23,9,0.391304347826087
2499822,"[3.9, 4.7, 5.3, 7.2, 8.1, 30.6, 33.0, 38.1, 43.8, 44.8, 46.0, 47.7, 48.3, 50.9, 54.8, 55.6, 57.9, 58.6, 60.4, 66.1, 72.8, 75.3, 76.0, 79.4, 81.1, 83.9, 85.0, 85.8, 89.2, 90.0, 90.9, 94.4]",32,14,0.4375
2499823,"[1.5, 6.2, 14.1, 19.7, 21.9, 33.6, 37.9, 40.4, 41.8, 43.1, 44.3, 45.2, 49.2, 53.2, 55.1, 56.0, 59.4, 60.3, 68.8, 73.7, 76.1, 77.5, 83.2, 89.5]",24,7,0.2916666666666667
2499824,"[35.4, 43.0, 46.7, 47.8, 48.4, 67.2, 70.3, 88.8]",8,3,0.375
2499825,"[3.2, 6.8, 7.6, 11.1, 18.0, 26.0, 37.7, 45.3, 47.3, 47.3, 50.6, 62.1, 73.8, 77.9, 80.3, 80.9, 82.9, 85.1, 86.8, 92.4]",20,9,0.45
2499826,"[4.4, 4.9, 11.8, 16.3, 17.4, 18.6, 27.8, 30.5, 36.1, 37.4, 40.3, 42.0, 46.2, 47.6, 48.3, 55.7, 59.8, 68.9, 70.2, 71.2, 72.1, 73.6, 80.3, 83.5, 93.7]",25,8,0.32
2499827,"[1.3, 21.1, 29.1, 35.8, 45.2, 46.2, 49.4, 53.6, 55.6, 65.2, 68.5, 71.0, 92.6]",13,4,0.3076923076923077
2499828,"[0.7, 7.1, 10.3, 14.4, 15.4, 22.2, 24.7, 27.9, 29.3, 44.1, 46.7, 50.7, 60.8, 61.2, 64.9, 74.7, 77.4, 81.8, 87.2, 89.0, 89.7]",21,9,0.42857142857142855
2499829,"[3.9, 13.7, 14.2, 15.6, 16.5, 27.5, 29.4, 34.9, 43.4, 43.9, 47.7, 47.8, 49.7, 55.5, 58.8, 61.0, 61.5, 65.2, 68.7, 78.4, 81.2, 84.5, 89.1]",23,8,0.34782608695652173
2499830,"[1.1, 3.1, 4.2, 6.3, 7.4, 10.0, 12.3, 13.8, 17.4, 20.5, 22.8, 26.3, 26.9, 27.6, 31.6, 34.9, 37.6, 40.3, 44.6, 47.0, 49.4, 49.8, 53.7, 63.3, 65.0, 67.6, 70.5, 72.1, 78.4, 88.4, 89.3]",31,8,0.25806451612903225
2499831,"[3.5, 4.3, 14.8, 18.5, 21.6, 25.3, 28.6, 34.6, 38.2, 41.3, 45.2, 57.0, 58.6, 74.5, 75.5, 81.6, 84.0, 86.1, 87.5]",19,6,0.3157894736842105
2499832,"[1.3, 7.0, 16.1, 17.8, 22.6, 25.6, 32.7, 36.9, 37.6, 38.0, 41.1, 45.2, 52.5, 54.7, 56.0, 68.1, 69.9, 71.4, 72.4, 73.5, 86.3, 88.9, 96.4]",23,8,0.34782608695652173
2499833,"[0.3, 4.7, 16.6, 17.5, 21.2, 25.0, 25.7, 26.5, 31.3, 33.3, 39.9, 42.1, 43.4, 43.8, 45.4, 49.2, 50.5, 50.8, 51.2, 52.2, 54.2, 55.2, 55.7, 60.2, 61.3, 62.0, 63.7, 65.8, 74.0, 75.5, 77.6, 84.9, 86.4, 91.0]",34,11,0.3235294117647059
2499834,"[2.0, 8.7, 14.4, 25.3, 32.2, 41.8, 45.6, 47.1, 49.6, 51.2, 58.3, 61.1, 69.4, 72.0, 77.8, 79.0, 82.0, 83.7]",18,7,0.3888888888888889
2499835,"[2.8, 3.7, 4.5, 10.8, 11.4, 12.3, 15.3, 16.5, 20.8, 22.4, 24.6, 42.7, 44.7, 46.9, 49.6, 55.3, 60.5, 64.4, 70.4, 71.9, 76.7, 81.7, 89.7, 92.6]",24,8,0.3333333333333333
2499836,"[2.0, 4.9, 6.2, 11.3, 14.9, 20.5, 31.0, 31.8, 49.9, 50.3, 54.7, 60.8, 67.2, 72.3, 73.9, 82.9, 83.9, 84.8, 87.6, 91.9]",20,9,0.45
2499837,"[4.2, 13.2, 16.1, 22.6, 24.0, 27.1, 28.8, 34.5, 37.8, 38.6, 40.1, 44.6, 46.8, 65.1, 68.3, 68.6, 76.8, 77.5, 81.8, 82.6, 92.7, 94.1, 96.7]",23,10,0.43478260869565216
2499838,"[18.6, 20.3, 27.5, 29.3, 34.5, 36.5, 44.6, 46.4, 45.3, 47.2, 51.8, 54.2, 57.0, 59.3, 60.7, 63.3, 63.9, 72.0, 74.5, 79.7, 83.2, 87.5, 89.1]",23,9,0.391304347826087
2499839,"[3.8, 10.4, 11.8, 16.1, 17.2, 19.2, 24.8, 33.0, 34.9, 37.2, 44.9, 49.4, 55.2, 56.1, 58.0, 65.4, 71.9, 75.0, 76.2, 77.2, 83.3, 85.8, 90.7]",23,8,0.34782608695652173
2499840,"[18.4, 28.4, 36.5, 43.2, 47.9, 48.1, 61.6, 62.5, 63.5, 65.6, 71.9, 74.4, 75.6, 83.6]",14,8,0.5714285714285714
2499841,"[10.2, 12.3, 15.2, 18.7, 38.6, 39.3, 45.8, 52.1, 55.7, 63.9, 64.5, 65.3, 73.4, 78.0, 86.5, 92.2, 93.0, 93.5, 94.7, 95.2, 95.2]",21,12,0.5714285714285714
2499842,"[6.9, 10.8, 21.3, 26.8, 28.9, 29.8, 30.7, 32.3, 34.9, 45.9, 46.4, 47.8, 52.0, 57.0, 67.5, 74.9, 75.6]",17,3,0.17647058823529413
2499843,"[4.7, 8.1, 18.9, 22.5, 25.1, 26.8, 29.3, 32.4, 33.7, 35.9, 37.9, 51.4, 53.3, 61.1, 63.7, 83.6, 84.6, 86.8, 91.3]",19,6,0.3157894736842105
2499844,"[7.6, 9.9, 14.3, 23.3, 25.5, 27.0, 33.5, 45.8, 49.0, 56.8, 57.6, 68.0, 69.4, 70.3, 76.6, 79.2, 81.2, 85.9, 87.2, 90.8]",20,9,0.45
2499845,"[3.5, 4.7, 26.6, 29.3, 30.1, 35.8, 48.2, 55.8, 56.8, 59.1, 61.2, 66.3, 69.0, 70.8, 75.9, 81.1, 86.0, 89.2, 90.4]",19,9,0.47368421052631576
2499846,"[10.0, 14.7, 16.5, 22.8, 28.8, 31.7, 32.8, 33.4, 34.1, 36.9, 40.8, 43.7, 45.7, 49.6, 55.6, 60.0, 63.9, 68.1, 73.2, 74.4, 74.4, 74.9, 80.5, 85.7, 87.1, 88.9, 91.2]",27,12,0.4444444444444444
2499847,"[2.2, 5.4, 9.4, 12.8, 16.4, 25.9, 27.5, 30.9, 34.5, 37.2, 49.4, 55.9, 56.9, 58.4, 59.1, 61.9, 70.2, 74.5, 76.5, 78.3, 82.1, 82.3, 85.0, 92.8]",24,9,0.375
2499848,"[0.9, 5.6, 24.4, 26.4, 31.1, 34.8, 41.6, 42.8, 45.3, 46.3, 53.7, 54.6, 55.0, 69.0, 73.4, 78.0, 78.1, 80.9, 91.4, 93.6, 94.9, 95.5]",22,9,0.4090909090909091
2499849,"[3.6, 6.9, 17.9, 26.8, 29.9, 31.8, 38.3, 40.1, 51.0, 54.0, 58.7, 62.8, 72.3, 74.6, 76.7, 83.7, 86.2, 86.9, 92.0, 93.8, 95.0]",21,10,0.47619047619047616
2499850,"[5.4, 6.4, 12.3, 17.3, 20.3, 24.7, 25.6, 26.9, 40.8, 43.9, 45.9, 51.5, 54.0, 57.2, 59.6, 61.7, 63.9, 66.3, 78.7, 79.9, 87.7, 91.7]",22,7,0.3181818181818182
2499851,"[0.5, 9.6, 18.1, 25.3, 27.7, 28.4, 29.3, 34.3, 35.8, 42.2, 42.9, 45.3, 48.1, 48.8, 51.0, 53.5, 64.0, 67.4, 80.4, 90.0, 92.5]",21,5,0.23809523809523808
2499852,"[18.6, 19.9, 21.2, 24.0, 33.0, 34.3, 35.1, 55.6, 57.0, 58.4, 65.6, 75.1, 76.3, 77.3, 85.6, 88.9, 94.7]",17,7,0.4117647058823529
2499853,"[7.5, 23.4, 26.0, 32.7, 33.6, 35.5, 37.4, 40.0, 41.5, 45.9, 48.5, 54.5, 58.3, 59.5, 61.5, 64.9, 72.7, 74.5, 76.0, 78.3, 84.7, 89.4, 93.5]",23,9,0.391304347826087
2499854,"[0.6, 6.1, 7.7, 8.8, 9.7, 10.4, 12.6, 17.9, 22.9, 24.1, 27.3, 33.9, 36.8, 43.4, 47.0, 53.0, 54.7, 56.4, 68.3, 70.6, 79.1, 81.1, 86.6, 91.4, 93.6]",25,7,0.28
2499855,"[6.4, 9.0, 15.7, 16.9, 23.7, 28.8, 37.6, 58.8, 59.4, 61.3, 66.4, 68.6, 83.1, 84.0, 84.8, 91.2, 92.5]",17,8,0.47058823529411764
2499856,"[3.5, 9.2, 10.4, 13.2, 16.3, 25.6, 26.4, 30.0, 34.6, 36.3, 39.5, 44.7, 50.7, 52.3, 57.9, 59.8, 62.7, 68.7, 80.3, 84.0, 86.7, 89.1, 90.1]",23,7,0.30434782608695654
2499857,"[3.7, 10.4, 11.0, 11.7, 16.0, 17.9, 20.9, 25.8, 30.1, 34.6, 35.7, 36.4, 45.6, 48.9, 54.2, 58.7, 60.5, 65.7, 66.9, 68.9, 76.1, 80.6, 93.6]",23,7,0.30434782608695654
2499858,"[3.3, 4.2, 5.8, 10.5, 13.3, 14.7, 31.9, 37.1, 38.5, 46.5, 55.0, 61.3, 62.8, 64.8, 65.5, 73.4, 77.6, 86.9, 89.3]",19,8,0.42105263157894735
2499859,"[4.4, 10.5, 22.3, 24.4, 25.8, 27.8, 36.7, 39.7, 42.8, 48.5, 49.1, 54.3, 55.5, 67.6, 75.3, 84.8, 90.9, 92.0]",18,5,0.2777777777777778
2499860,"[2.9, 7.6, 12.5, 26.3, 26.7, 28.3, 37.5, 43.0, 45.2, 47.0, 57.4, 61.0, 61.7, 68.8, 71.6, 73.1, 86.0, 88.3, 88.3, 90.1]",20,9,0.45
2499861,"[1.1, 14.7, 22.2, 41.2, 49.9, 54.0, 56.5, 60.8, 65.9, 68.1, 71.9, 81.6, 85.6, 90.7, 93.2]",15,8,0.5333333333333333
2499862,"[1.7, 2.5, 6.2, 11.0, 16.6, 17.8, 23.1, 35.5, 37.6, 39.1, 39.8, 43.4, 45.6, 50.1, 51.9, 57.7, 59.5, 72.5, 77.1, 85.0, 91.8]",21,4,0.19047619047619047
2499863,"[1.2, 3.0, 4.7, 9.3, 11.6, 14.4, 18.9, 21.2, 22.2, 23.3, 26.0, 37.8, 46.1, 65.8, 69.6, 77.6, 80.7, 82.0, 87.1, 91.7, 92.8]",21,8,0.38095238095238093
2499864,"[14.4, 16.4, 26.1, 45.7, 47.8, 55.7, 56.9, 72.7, 74.0, 75.1, 80.3, 82.7, 88.7, 90.9]",14,7,0.5
2499865,"[9.6, 16.4, 30.4, 32.0, 33.3, 41.1, 46.2, 49.5, 54.9, 58.5, 93.1, 94.7, 94.9]",13,3,0.23076923076923078
2499866,"[3.9, 7.5, 15.3, 16.7, 27.7, 33.5, 41.0, 41.7, 43.5, 45.5, 52.6, 54.5, 63.7, 73.5, 77.4, 80.8, 81.3, 85.1, 87.7, 90.2, 91.7, 92.6]",22,10,0.45454545454545453
2499867,"[9.5, 15.8, 20.6, 23.5, 29.8, 35.0, 38.2, 40.5, 45.2, 46.1, 49.9, 51.2, 53.4, 55.0, 56.5, 60.6, 64.8, 65.4, 70.0, 72.6, 78.3, 85.3, 86.9, 87.9, 88.0, 89.6]",26,11,0.4230769230769231
2499868,"[2.2, 5.2, 10.5, 13.9, 19.4, 22.4, 27.1, 30.2, 31.5, 33.2, 44.2, 56.2, 59.4, 63.7, 66.1, 72.2, 75.0, 83.7, 88.4, 91.5, 93.1]",21,8,0.38095238095238093
2499869,"[7.6, 11.0, 16.3, 18.2, 21.6, 33.4, 38.8, 41.5, 54.9, 58.3, 62.8, 73.1, 74.3, 76.1, 81.9, 82.3, 84.6, 85.6, 87.6, 89.0, 90.5, 94.0]",22,12,0.5454545454545454
2499870,"[7.9, 13.5, 17.1, 26.0, 27.5, 29.2, 31.4, 33.0, 34.4, 38.2, 39.1, 45.4, 46.9, 50.1, 52.9, 67.2, 69.2, 69.8, 69.9, 70.6, 73.8, 76.3, 78.7, 80.2, 81.8, 84.3, 85.1, 91.0, 93.5]",29,14,0.4827586206896552
2499871,"[1.0, 15.8, 25.1, 34.0, 35.1, 36.5, 37.1, 47.0, 66.1, 73.3, 81.0, 82.3, 84.1, 85.3, 91.3]",15,7,0.4666666666666667
2499872,"[3.5, 10.4, 17.2, 20.8, 22.9, 27.0, 34.3, 34.8, 35.3, 41.3, 49.0, 56.6, 64.1, 66.4, 74.6, 75.2, 82.9, 84.2, 87.9]",19,7,0.3684210526315789
2499873,"[1.7, 3.4, 6.5, 7.1, 12.8, 15.7, 21.8, 24.3, 31.0, 32.5, 33.3, 36.9, 40.3, 47.8, 48.3, 46.2, 53.0, 55.3, 57.7, 59.9, 66.2, 68.2, 72.9, 73.2, 73.5, 79.4, 89.5]",27,7,0.25925925925925924
2499874,"[0.7, 10.9, 11.3, 22.2, 32.3, 36.9, 40.5, 45.9, 47.0, 63.2, 64.3, 65.7, 74.7, 79.4, 80.1, 80.8, 82.6, 88.6, 93.0]",19,10,0.5263157894736842
2499875,"[3.8, 7.7, 8.4, 11.3, 15.2, 20.4, 20.9, 25.9, 28.6, 32.6, 44.2, 45.8, 62.0, 70.0, 70.2, 74.1, 76.2, 77.3, 81.1, 82.9, 88.3, 88.9, 93.0]",23,11,0.4782608695652174
2499876,"[3.1, 4.5, 14.9, 15.9, 19.2, 20.0, 23.5, 25.7, 26.1, 27.9, 34.7, 36.3, 37.2, 46.3, 50.0, 50.5, 53.6, 62.2, 65.1, 71.9, 83.7, 85.6, 85.6, 86.4, 87.7, 92.6, 93.4]",27,10,0.37037037037037035
2499877,"[4.1, 9.0, 10.3, 12.4, 13.8, 18.3, 25.7, 26.7, 32.0, 33.9, 48.8, 49.3, 51.7, 63.2, 65.4, 69.4, 77.1, 88.2, 89.0, 90.7]",20,7,0.35
2499878,"[2.3, 4.0, 6.9, 8.8, 9.4, 10.1, 12.7, 16.8, 17.5, 31.3, 35.8, 42.2, 55.6, 57.8, 59.7, 66.3, 67.0, 68.4, 69.6, 75.2, 78.5, 83.3, 86.9]",23,8,0.34782608695652173
2499879,"[0.9, 12.7, 14.0, 15.0, 20.7, 32.0, 34.4, 46.2, 45.7, 49.0, 50.4, 58.0, 63.2, 66.1, 66.9, 69.3, 72.7, 76.7, 78.2, 79.6, 92.3]",21,9,0.42857142857142855
2499880,"[1.8, 12.6, 20.2, 28.7, 35.5, 39.4, 45.6, 51.9, 52.9, 73.0, 75.3, 78.7, 86.5, 87.6, 89.9]",15,6,0.4
2499881,"[3.6, 4.3, 17.0, 28.6, 32.9, 54.4, 55.0, 61.6, 66.6, 68.4, 69.1, 71.7, 76.0, 78.8, 79.6, 81.0, 83.0, 84.0]",18,11,0.6111111111111112
2499882,"[2.0, 13.2, 16.1, 17.1, 18.3, 19.4, 23.7, 34.7, 36.0, 39.5, 40.5, 44.5, 65.7, 70.3, 72.0, 86.8, 91.0, 92.1]",18,6,0.3333333333333333
2499883,"[6.5, 8.0, 9.3, 27.3, 31.9, 34.4, 36.0, 37.9, 41.2, 44.7, 46.2, 46.1, 47.9, 48.7, 51.4, 55.3, 55.9, 57.5, 59.5, 61.8, 62.6, 63.8, 65.2, 77.2, 80.0, 84.1, 84.5, 86.4, 90.5, 93.0, 93.7, 94.3]",32,13,0.40625
2499884,"[1.2, 1.9, 4.2, 6.0, 14.5, 16.9, 17.3, 19.1, 23.0, 26.3, 27.2, 34.3, 35.7, 38.1, 41.9, 46.5, 47.8, 51.2, 55.5, 60.9, 63.5, 64.4, 66.2, 76.2, 83.6, 84.2, 92.8]",27,8,0.2962962962962963
2499885,"[0.9, 19.7, 28.3, 30.0, 32.1, 41.7, 47.2, 49.3, 50.4, 52.8, 56.0, 64.7, 69.3, 73.9, 80.0, 83.7, 85.9, 87.3, 92.5, 93.3, 94.0]",21,10,0.47619047619047616
2499886,"[4.7, 8.7, 17.5, 21.7, 27.6, 32.9, 37.0, 40.3, 45.9, 47.1, 48.8, 51.6, 58.6, 62.9, 67.4, 68.0, 76.5, 81.7, 88.4, 90.1, 92.7]",21,8,0.38095238095238093
2499887,"[7.0, 9.1, 20.5, 28.9, 32.9, 39.9, 42.2, 44.4, 48.7, 53.6, 62.6, 65.8, 67.2, 68.2, 71.0, 72.1, 77.7, 81.6, 86.8, 87.6, 91.3, 91.8]",22,12,0.5454545454545454
2499888,"[5.8, 8.5, 13.1, 14.1, 20.6, 33.0, 43.0, 44.6, 46.1, 77.8, 78.7, 80.5, 82.0, 83.6, 86.2]",15,6,0.4
2499889,"[1.6, 9.5, 13.3, 14.7, 22.0, 34.5, 46.4, 45.3, 51.6, 59.4, 71.7, 72.4, 77.8, 79.1, 87.1]",15,5,0.3333333333333333
2499890,"[3.6, 12.2, 14.9, 16.5, 20.1, 21.3, 27.0, 31.7, 34.3, 36.4, 39.2, 40.1, 51.3, 51.6, 56.4, 75.8, 79.7, 84.0, 85.5, 89.3, 91.0, 94.2]",22,7,0.3181818181818182
2499891,"[1.6, 7.3, 8.2, 11.5, 23.3, 26.2, 29.9, 33.9, 36.6, 40.6, 42.1, 43.4, 47.0, 48.7, 58.1, 65.6, 66.9, 68.0, 69.5, 70.8, 73.7, 75.9, 77.4, 79.1, 83.1, 85.2, 91.7]",27,12,0.4444444444444444
2499892,"[3.2, 5.5, 8.9, 11.8, 13.2, 19.5, 37.0, 41.3, 41.5, 42.3, 43.9, 44.5, 46.3, 51.8, 54.3, 62.1, 64.2, 72.5, 77.1, 86.1, 88.2, 88.9, 93.3, 93.5, 94.4]",25,10,0.4
2499893,"[8.3, 28.5, 31.6, 33.8, 36.5, 37.5, 38.9, 41.7, 45.5, 46.9, 49.8, 51.4, 51.6, 66.0, 66.6, 70.8, 72.2, 76.6, 77.0, 79.9, 80.5, 82.5, 83.2, 88.2, 90.0]",25,12,0.48
2499894,"[1.7, 20.3, 21.5, 28.7, 30.4, 34.7, 45.9, 46.9, 50.6, 51.1, 51.9, 55.5, 58.0, 59.6, 60.1, 63.7, 65.2, 67.1, 69.7, 70.9, 71.8, 85.2, 86.8, 91.9]",24,10,0.4166666666666667
2499895,"[1.3, 2.2, 4.2, 8.5, 16.3, 18.2, 22.0, 25.4, 30.3, 35.2, 36.4, 38.1, 39.0, 41.8, 42.3, 44.3, 46.8, 50.4, 51.4, 59.1, 59.7, 61.3, 65.2, 67.1, 74.2, 75.9, 76.3, 77.1, 78.2, 79.0, 90.9, 91.2, 91.5]",33,12,0.36363636363636365
2499896,"[0.4, 1.0, 4.9, 7.0, 7.4, 16.3, 17.2, 21.7, 23.6, 26.2, 30.3, 32.3, 36.0, 40.9, 41.7, 47.0, 45.5, 48.2, 48.9, 54.2, 59.5, 68.3, 69.4, 78.9, 81.7, 91.6]",26,5,0.19230769230769232
2499897,"[0.3, 2.0, 7.2, 7.9, 8.5, 20.7, 20.8, 23.4, 28.4, 31.7, 32.6, 35.7, 36.5, 40.5, 44.4, 48.9, 49.7, 47.3, 56.7, 59.6, 60.8, 64.1, 67.2, 68.5, 84.5, 85.1, 87.9, 88.4, 91.4, 92.5]",30,10,0.3333333333333333
2499898,"[13.7, 15.6, 16.8, 19.2, 23.4, 26.1, 28.1, 40.3, 42.0, 52.3, 57.1, 68.4, 70.1, 71.5, 78.5, 82.5, 86.8, 88.9, 91.8, 92.4, 93.0, 93.9, 94.4]",23,12,0.5217391304347826
2499899,"[0.5, 3.7, 13.0, 22.2, 33.2, 35.7, 37.4, 40.2, 45.9, 46.9, 57.2, 60.0, 62.9, 73.3, 73.8, 75.2, 78.2, 82.0, 84.7, 93.4]",20,9,0.45
2499900,"[15.7, 16.6, 18.4, 25.5, 36.6, 39.5, 44.8, 48.5, 50.2, 53.5, 58.2, 62.8, 65.1, 66.2, 69.0, 70.0, 75.9, 82.7, 87.0]",19,8,0.42105263157894735
2499901,"[3.4, 5.9, 12.9, 24.8, 25.3, 32.3, 35.0, 38.2, 43.1, 45.8, 51.5, 56.3, 64.1, 67.7, 69.7, 72.9, 80.0, 86.4, 87.1, 89.7]",20,8,0.4
2499902,"[9.8, 19.9, 26.0, 31.8, 32.7, 37.3, 56.1, 61.5, 64.4, 78.7, 88.8, 92.5]",12,5,0.4166666666666667
2499903,"[3.9, 5.8, 19.2, 23.4, 32.3, 33.4, 35.2, 35.9, 37.0, 42.8, 45.8, 46.8, 46.5, 50.0, 53.9, 58.5, 58.9, 62.5, 65.6, 68.4, 72.7, 74.8, 76.4, 83.4, 84.3, 88.3, 90.4]",27,10,0.37037037037037035
2499904,"[2.6, 16.3, 17.1, 28.5, 34.2, 40.2, 47.0, 49.8, 50.5, 56.6, 59.0, 60.6, 62.2, 62.9, 79.9]",15,4,0.26666666666666666
2499905,"[1.2, 1.9, 3.7, 9.5, 10.7, 13.4, 15.8, 17.9, 20.3, 27.4, 29.8, 30.7, 31.2, 39.0, 42.6, 46.2, 47.6, 52.9, 54.8, 55.6, 57.6, 64.5, 84.9, 87.2, 89.6, 92.8, 96.6, 96.6]",28,7,0.25
2499906,"[2.5, 5.0, 14.5, 25.4, 28.5, 32.3, 37.8, 41.3, 41.7, 48.7, 55.5, 60.2, 60.9, 66.6, 76.5, 77.1, 77.9, 81.3, 82.9, 86.9, 95.4]",21,10,0.47619047619047616
2499907,"[0.4, 0.7, 13.2, 14.5, 16.4, 22.4, 24.9, 31.0, 33.5, 41.9, 44.6, 50.5, 51.2, 54.9, 55.8, 57.1, 57.9, 60.8, 80.0, 84.2, 86.0, 89.4, 93.0, 94.9]",24,7,0.2916666666666667
2499908,"[1.5, 7.3, 8.6, 10.8, 13.3, 26.1, 29.7, 31.8, 35.1, 35.8, 48.4, 54.5, 62.3, 66.5, 72.1, 76.0, 82.3, 85.9, 90.1, 91.4, 93.0]",21,9,0.42857142857142855
2499909,"[2.8, 5.2, 8.5, 10.1, 12.1, 12.9, 24.6, 26.0, 28.2, 30.7, 35.9, 38.7, 40.6, 46.3, 46.3, 54.3, 55.0, 60.5, 66.6, 70.8, 72.8, 73.6, 78.8, 82.9, 86.3, 86.7, 94.0]",27,10,0.37037037037037035
2499910,"[0.4, 3.5, 30.6, 31.6, 38.0, 42.6, 44.5, 51.6, 52.7, 55.1, 56.1, 62.4, 70.0, 82.0, 90.2]",15,4,0.26666666666666666
2499911,"[0.2, 18.0, 23.5, 27.2, 28.4, 30.1, 37.1, 40.8, 42.9, 44.8, 47.0, 50.3, 55.5, 56.3, 58.1, 75.4, 76.2, 84.0, 90.8]",19,4,0.21052631578947367
2499912,"[1.2, 14.4, 26.6, 27.4, 36.2, 38.6, 45.8, 47.1, 47.8, 45.4, 48.0, 50.5, 53.1, 58.7, 60.6, 68.1, 70.8, 71.6, 75.0, 77.9, 84.3, 92.4]",22,8,0.36363636363636365
2499913,"[9.4, 12.1, 13.8, 14.1, 21.5, 33.7, 45.0, 50.7, 55.1, 57.4, 71.4, 72.4, 90.4]",13,3,0.23076923076923078
2499914,"[0.3, 1.0, 3.4, 18.3, 19.2, 25.3, 30.1, 33.1, 34.5, 47.6, 51.9, 54.3, 57.6, 57.9, 58.1, 61.2, 64.6, 66.3, 67.0, 68.5, 70.1, 71.3, 72.2, 78.2, 83.8, 85.5, 87.5, 89.9, 90.0]",29,14,0.4827586206896552
2499915,"[11.9, 16.0, 26.6, 35.7, 37.8, 51.5, 56.5, 58.9, 66.2, 68.3, 76.0, 77.9, 79.7, 86.0, 91.4, 92.3]",16,8,0.5
2499916,"[1.0, 11.3, 11.6, 20.2, 23.8, 24.4, 31.5, 32.9, 35.1, 36.3, 42.1, 45.0, 55.6, 57.5, 65.2, 70.1, 73.4, 75.6, 83.8, 86.4, 88.2, 90.0, 90.9]",23,9,0.391304347826087
2499917,"[2.7, 6.3, 7.1, 11.7, 12.6, 14.4, 27.5, 29.5, 30.5, 34.2, 55.6, 60.8, 62.0, 63.5, 68.7, 72.2, 75.9, 79.1, 80.8, 87.7, 91.6]",21,10,0.47619047619047616
2499918,"[0.7, 13.8, 14.7, 16.0, 20.1, 21.2, 24.0, 26.2, 28.7, 35.3, 38.0, 38.7, 43.0, 47.1, 55.7, 59.2, 59.8, 65.2, 66.1, 67.4, 69.2, 75.3, 78.2, 80.0, 81.9, 89.7, 92.0]",27,10,0.37037037037037035
2499919,"[1.1, 1.8, 5.4, 6.6, 12.7, 18.9, 20.2, 39.0, 42.6, 44.9, 54.4, 64.4, 66.9, 70.3, 72.8, 82.1, 89.4, 91.7, 93.9]",19,8,0.42105263157894735
2499920,"[2.1, 14.9, 26.8, 38.0, 40.7, 49.0, 52.1, 62.6, 72.0, 75.0, 75.6, 76.1, 79.6, 84.5]",14,7,0.5
2499921,"[0.4, 6.4, 9.9, 15.6, 25.7, 35.0, 38.4, 39.7, 41.8, 45.3, 48.8, 50.0, 46.1, 47.5, 50.3, 53.4, 64.1, 66.2, 72.2, 75.4, 78.4, 78.8, 81.9, 89.2, 89.9, 91.2, 91.8]",27,11,0.4074074074074074
2499922,"[0.9, 4.9, 6.0, 6.9, 11.3, 14.6, 28.8, 31.9, 39.4, 41.4, 42.9, 43.7, 45.5, 48.3, 56.4, 58.5, 62.6, 64.2, 68.5, 71.1, 74.1, 74.7, 75.9, 79.6, 81.1, 86.1, 88.0, 92.6]",28,12,0.42857142857142855
2499923,"[7.1, 10.9, 13.3, 37.3, 38.8, 52.4, 52.4, 61.4, 83.0, 89.3, 90.4, 94.1]",12,5,0.4166666666666667
2499924,"[2.0, 4.3, 7.3, 14.4, 15.1, 17.3, 25.4, 39.4, 42.1, 43.9, 47.3, 49.5, 55.6, 57.5, 59.9, 62.8, 63.5, 65.1, 66.4, 71.5, 76.8, 79.6, 80.0, 85.4, 88.0]",25,10,0.4
2499925,"[0.8, 17.4, 18.8, 23.8, 33.2, 34.4, 35.5, 36.9, 42.7, 44.4, 49.7, 52.2, 56.9, 60.8, 63.2, 64.4, 72.6, 73.6, 76.6, 89.5, 90.6]",21,8,0.38095238095238093
2499926,"[2.4, 7.1, 7.7, 9.0, 37.2, 41.5, 43.3, 51.0, 55.1, 55.6, 58.5, 69.1, 75.7, 79.1, 86.3, 88.0, 89.7, 90.7]",18,7,0.3888888888888889
2499927,"[2.0, 18.7, 29.8, 33.4, 36.7, 38.7, 40.9, 44.4, 46.6, 45.3, 49.6, 51.2, 52.8, 53.6, 58.0, 61.7, 62.9, 64.8, 66.3, 71.4, 72.0, 73.6, 75.2, 79.6, 79.6, 81.0, 88.6, 93.0]",28,13,0.4642857142857143
2499928,"[0.5, 1.6, 25.3, 30.4, 33.9, 40.2, 41.6, 45.5, 46.4, 48.9, 50.1, 53.5, 57.3, 58.4, 70.9, 73.6, 77.6, 79.6, 80.9, 81.8, 87.1, 89.9, 91.5]",23,9,0.391304347826087
2499929,"[1.5, 2.5, 5.5, 7.6, 27.3, 30.6, 31.9, 36.4, 38.8, 40.9, 42.4, 48.0, 52.3, 52.5, 56.7, 60.1, 65.8, 72.9, 77.2, 78.3, 79.2, 81.0, 88.8, 90.3]",24,9,0.375
2499930,"[6.3, 17.2, 20.3, 21.8, 36.0, 37.7, 38.6, 51.7, 53.9, 60.1, 64.2, 65.7, 68.6, 80.2, 81.2, 86.6, 86.9, 87.0, 88.9, 90.2, 91.0, 92.6]",22,13,0.5909090909090909
2499931,"[0.6, 3.2, 11.7, 23.8, 28.7, 30.0, 33.3, 36.8, 39.1, 42.6, 57.5, 77.2, 79.8, 82.5, 85.2, 92.6]",16,5,0.3125
2499932,"[5.8, 8.2, 9.2, 19.6, 20.5, 21.2, 25.9, 34.6, 36.5, 42.3, 43.8, 45.8, 49.5, 57.9, 58.5, 74.4, 76.0, 78.8, 81.8, 82.4, 87.6, 92.2]",22,7,0.3181818181818182
2499933,"[2.8, 17.1, 19.8, 22.9, 33.8, 34.7, 35.7, 47.7, 48.8, 55.7, 57.8, 63.0, 78.0, 83.7, 88.1, 89.3]",16,5,0.3125
2499934,"[2.3, 6.7, 15.3, 16.1, 19.6, 20.5, 22.7, 23.5, 25.0, 41.3, 44.3, 46.2, 49.4, 54.9, 56.9, 64.0, 72.2, 75.6, 82.3, 84.0]",20,5,0.25
2499935,"[0.8, 4.3, 6.9, 10.1, 31.6, 34.0, 34.6, 37.7, 41.6, 51.0, 55.8, 57.4, 59.2, 62.1, 67.8, 77.3, 81.5, 83.9, 90.3]",19,6,0.3157894736842105
2499936,"[11.5, 20.3, 25.2, 30.1, 31.1, 33.5, 35.1, 43.6, 53.4, 57.6, 59.3, 64.6, 65.9, 67.5, 74.1, 74.4, 77.1, 78.0, 80.9, 84.2, 85.2]",21,10,0.47619047619047616
2499937,"[1.3, 8.8, 10.6, 14.3, 30.7, 32.3, 35.1, 37.6, 40.0, 54.7, 60.4, 61.9, 63.4, 66.9, 73.9, 75.8, 78.2, 78.7, 80.1, 80.8, 90.4]",21,11,0.5238095238095238
2499938,"[0.8, 1.7, 5.5, 6.8, 7.7, 13.8, 15.5, 16.4, 18.3, 20.2, 25.8, 27.3, 43.4, 45.7, 45.4, 52.0, 52.7, 55.7, 60.1, 64.8, 68.0, 73.1, 85.5, 95.2]",24,6,0.25
2499939,"[11.2, 15.3, 29.5, 30.4, 35.9, 37.9, 43.1, 43.4, 55.0, 60.6, 61.7, 67.3, 70.0, 70.8, 75.0, 76.8, 84.5]",17,8,0.47058823529411764
2499940,"[8.9, 13.4, 14.1, 17.1, 21.0, 22.6, 25.6, 28.6, 30.4, 35.4, 39.3, 40.8, 45.4, 48.0, 51.9, 55.8, 59.5, 60.2, 61.7, 62.8, 66.4, 67.5, 72.5, 80.4, 85.3, 86.9, 91.9]",27,10,0.37037037037037035
2499941,"[6.1, 9.0, 16.4, 22.3, 23.2, 24.2, 25.9, 32.5, 36.2, 38.6, 41.0, 41.0, 42.8, 45.2, 53.3, 57.1, 58.3, 60.4, 63.7, 70.1, 71.3, 72.4, 73.5, 82.3, 83.4, 86.3, 87.9, 89.9, 90.6]",29,12,0.41379310344827586
2499942,"[2.7, 21.0, 25.8, 30.9, 34.9, 37.2, 44.7, 72.0, 74.9, 79.5, 80.2, 80.4, 84.1, 88.0, 89.9]",15,8,0.5333333333333333
2499943,"[8.0, 17.5, 21.5, 32.4, 35.8, 45.9, 57.0, 59.1, 62.5, 63.4, 64.5, 68.9, 70.1, 71.8, 74.9, 84.5, 91.6, 92.9]",18,10,0.5555555555555556
2499944,"[1.0, 1.6, 2.1, 2.8, 13.0, 18.3, 19.4, 24.0, 27.2, 32.0, 38.9, 39.5, 43.3, 48.5, 50.6, 51.5, 54.5, 55.8, 56.4, 60.6, 62.6, 66.3, 66.7, 67.2, 91.3]",25,6,0.24
2499945,"[9.6, 15.7, 16.4, 17.1, 18.8, 24.4, 31.5, 38.8, 39.9, 42.2, 65.3, 69.5, 72.3, 73.7, 79.1, 80.3, 81.9, 81.9, 86.3, 87.5, 89.4, 89.5, 91.6]",23,13,0.5652173913043478
2499946,"[1.0, 1.6, 8.2, 9.2, 13.7, 17.1, 19.4, 23.4, 28.8, 30.0, 35.4, 41.4, 44.7, 46.1, 51.4, 53.7, 56.6, 62.0, 63.2, 68.9, 70.2, 72.0, 74.4, 78.2, 88.7, 90.4]",26,9,0.34615384615384615
2499947,"[6.2, 8.1, 9.7, 12.0, 21.3, 30.7, 36.2, 39.9, 50.6, 55.7, 58.3, 66.2, 67.8, 72.2, 75.5, 76.2, 77.4, 78.8, 80.7, 81.3, 83.8, 84.6, 86.3, 87.0, 94.4]",25,14,0.56
2499948,"[11.2, 20.1, 25.3, 26.2, 30.3, 36.4, 40.2, 43.9, 45.3, 47.2, 55.5, 56.1, 59.8, 61.6, 65.2, 68.3, 77.3, 78.3, 79.4, 80.2, 83.7, 85.6, 86.9, 94.1]",24,11,0.4583333333333333
2499949,"[6.8, 10.3, 13.8, 14.2, 17.7, 39.9, 43.5, 49.4, 57.5, 67.1, 67.9, 71.2, 75.5, 90.5]",14,5,0.35714285714285715
2499950,"[0.8, 1.3, 12.1, 13.2, 15.5, 22.4, 23.8, 45.5, 46.1, 46.9, 54.5, 56.0, 58.7, 65.7, 73.5, 77.9, 86.7, 92.5]",18,5,0.2777777777777778
2499951,"[5.0, 19.0, 21.3, 23.7, 30.9, 31.6, 38.6, 50.6, 51.1, 55.6, 60.0, 60.9, 66.3, 68.5, 69.1, 73.3, 76.0, 85.6, 90.2, 91.7, 91.7, 93.6]",22,12,0.5454545454545454
2499952,"[10.6, 17.4, 18.6, 27.9, 28.8, 29.8, 33.7, 34.5, 39.7, 41.1, 45.4, 46.3, 46.9, 50.2, 51.8, 52.9, 57.2, 57.9, 65.7, 66.8, 71.4, 75.4, 76.4, 82.1, 83.1, 87.3, 94.9]",27,9,0.3333333333333333
2499953,"[4.5, 6.2, 16.1, 18.9, 19.6, 22.8, 25.6, 27.3, 31.1, 33.0, 37.6, 41.8, 46.4, 48.9, 51.3, 58.4, 65.9, 67.7, 68.9, 81.1, 87.9]",21,5,0.23809523809523808
2499954,"[1.1, 4.1, 29.2, 35.2, 45.8, 47.3, 51.7, 61.4, 64.2, 64.8, 77.1, 78.2, 81.4, 86.7]",14,7,0.5
2499955,"[16.4, 23.7, 24.7, 26.5, 27.4, 35.3, 37.0, 44.5, 47.6, 51.8, 56.0, 58.3, 59.2, 63.4, 67.0, 72.7, 74.6, 75.8, 77.3, 77.9, 85.5, 87.6, 90.8]",23,10,0.43478260869565216
2499956,"[0.7, 2.0, 9.3, 11.4, 12.8, 14.1, 14.7, 22.9, 24.4, 27.6, 33.6, 36.8, 38.2, 38.6, 42.6, 43.4, 48.1, 54.6, 55.2, 59.4, 61.8, 62.7, 71.3, 75.0, 75.3, 77.4, 80.7, 81.6, 90.2, 91.3]",30,10,0.3333333333333333
2499957,"[4.3, 4.7, 13.5, 20.3, 21.0, 28.1, 31.1, 34.4, 42.8, 42.9, 44.8, 47.2, 51.2, 59.0, 77.5]",15,1,0.06666666666666667
2499958,"[6.5, 16.9, 20.6, 31.0, 36.3, 47.9, 48.8, 51.0, 54.8, 57.0, 61.0, 61.9, 79.8, 81.1, 82.5]",15,5,0.3333333333333333
2499959,"[4.5, 9.8, 31.9, 37.4, 38.0, 42.6, 46.3, 52.7, 59.8, 62.8, 71.5, 73.4, 76.4, 81.8, 87.2, 92.8]",16,7,0.4375
2499960,"[10.2, 20.7, 23.5, 41.1, 45.4, 53.3, 61.9, 67.0, 68.0, 70.4, 74.0, 91.8]",12,6,0.5
2499961,"[1.5, 3.3, 5.2, 5.9, 18.1, 20.2, 24.2, 27.3, 36.3, 41.4, 45.9, 49.2, 46.9, 53.6, 55.4, 62.4, 66.6, 68.8, 68.9, 71.6, 72.3, 74.0, 79.3, 84.5, 85.0, 86.6, 89.8]",27,12,0.4444444444444444
2499962,"[8.0, 13.1, 18.6, 20.7, 21.3, 37.6, 48.4, 55.0, 56.3, 56.7, 57.0, 68.0, 68.5, 76.4, 84.7, 86.3, 90.3]",17,6,0.35294117647058826
2499963,"[2.9, 34.0, 35.5, 37.7, 39.3, 40.0, 44.5, 46.1, 45.7, 48.3, 50.1, 51.7, 54.9, 58.2, 70.0, 82.6, 83.4, 89.9, 90.9, 91.8]",20,6,0.3
2499964,"[0.8, 4.1, 14.1, 19.8, 22.7, 23.6, 24.3, 26.1, 27.7, 29.1, 30.4, 32.8, 35.9, 42.6, 43.4, 44.6, 44.7, 53.3, 56.7, 59.7, 62.0, 66.6, 73.5, 76.8, 77.9, 82.7, 87.9, 88.8, 90.2, 93.2]",30,10,0.3333333333333333
2499965,"[13.0, 20.3, 25.7, 34.9, 54.7, 58.1, 62.1, 62.6, 63.2, 65.6, 71.3, 77.7, 79.1, 81.7, 88.1, 89.6, 91.5]",17,11,0.6470588235294118
2499966,"[2.5, 3.8, 12.0, 20.9, 21.9, 27.0, 30.1, 31.5, 40.1, 43.0, 46.5, 47.8, 48.0, 51.2, 67.0, 68.0, 69.7, 73.1, 77.8, 81.3, 85.4]",21,7,0.3333333333333333
2499967,"[0.4, 5.1, 5.6, 11.4, 16.3, 17.2, 19.2, 20.8, 31.7, 34.9, 38.8, 42.9, 45.2, 46.4, 49.1, 51.7, 52.5, 53.2, 58.4, 61.8, 69.5, 74.1, 81.5, 82.6, 85.4, 91.4]",26,7,0.2692307692307692
2499968,"[3.0, 3.5, 12.5, 14.5, 16.8, 21.1, 25.6, 32.1, 34.3, 35.3, 37.5, 38.9, 40.1, 43.5, 50.3, 61.8, 64.1, 67.7, 72.5, 83.6, 84.1, 86.0, 91.7]",23,8,0.34782608695652173
2499969,"[1.8, 3.7, 16.0, 18.6, 20.0, 22.5, 28.3, 29.1, 31.2, 34.3, 34.6, 37.1, 39.6, 43.4, 45.2, 46.3, 46.4, 48.3, 48.9, 57.3, 58.0, 59.7, 68.4, 77.8, 82.4, 83.7, 85.1, 85.8, 87.0, 88.5, 89.7, 93.7, 94.2]",33,11,0.3333333333333333
2499970,"[2.2, 4.5, 8.4, 11.6, 17.5, 23.0, 28.3, 30.7, 35.8, 43.5, 44.4, 46.0, 48.7, 57.5, 66.3, 81.7]",16,2,0.125
2499971,"[0.5, 8.5, 20.7, 33.9, 40.7, 41.9, 42.5, 45.2, 47.6, 47.2, 49.5, 50.2, 59.7, 61.7, 62.9, 71.3, 79.7, 80.3, 87.5, 90.4]",20,7,0.35
2499972,"[0.8, 1.4, 24.0, 30.3, 37.2, 41.1, 46.2, 58.6, 63.2, 72.5, 75.0, 84.7, 86.0, 92.4]",14,6,0.42857142857142855
2499973,"[4.3, 5.6, 7.7, 10.2, 15.4, 17.2, 35.7, 43.7, 47.1, 48.1, 48.8, 51.5, 53.7, 56.7, 63.4, 64.3, 73.1, 76.0, 91.8]",19,5,0.2631578947368421
2499974,"[2.3, 14.6, 18.0, 22.6, 37.8, 40.2, 43.1, 46.9, 51.0, 53.4, 60.6, 68.4, 75.7, 77.2, 79.3, 90.1, 92.9]",17,7,0.4117647058823529
2499975,"[5.0, 6.6, 8.5, 11.7, 29.2, 30.9, 31.3, 32.9, 35.0, 39.1, 40.5, 41.2, 43.3, 49.7, 57.8, 59.4, 61.9, 63.5, 64.6, 76.8, 84.0, 88.5, 93.0]",23,7,0.30434782608695654
2499976,"[10.2, 14.5, 17.6, 20.9, 22.6, 24.3, 26.3, 35.6, 38.4, 40.6, 42.6, 46.3, 47.1, 49.7, 50.8, 54.0, 58.1, 59.8, 63.4, 66.8, 73.2, 74.0, 79.6, 91.1]",24,6,0.25
2499977,"[6.3, 17.1, 23.9, 27.9, 29.0, 32.9, 36.2, 40.7, 44.1, 46.2, 47.7, 50.2, 50.6, 57.9, 61.8, 64.8, 68.0, 72.3, 73.2, 85.9, 95.4]",21,7,0.3333333333333333
2499978,"[1.1, 8.7, 13.2, 21.5, 26.8, 40.7, 44.3, 45.3, 49.2, 49.8, 51.1, 53.9, 61.2, 68.1, 70.0, 73.7, 74.9, 78.9, 83.8, 90.7, 91.2, 91.8, 94.0]",23,11,0.4782608695652174
2499979,"[2.8, 5.4, 9.2, 13.2, 15.6, 18.2, 22.3, 27.2, 31.8, 43.8, 47.8, 48.1, 49.3, 50.3, 50.8, 57.9, 66.2, 68.4, 83.6, 84.3, 88.1]",21,5,0.23809523809523808
2499980,"[6.5, 9.9, 14.8, 27.7, 30.3, 34.0, 42.2, 46.5, 49.5, 52.5, 53.6, 62.9, 63.7, 67.6, 72.1, 74.3, 76.7, 78.1, 78.8, 79.4, 81.1, 82.1, 83.7, 86.2, 88.1, 89.1, 90.7, 91.1, 92.5]",29,18,0.6206896551724138
2499981,"[5.3, 8.0, 8.7, 10.5, 15.5, 17.8, 24.2, 26.3, 45.2, 46.7, 50.7, 55.1, 55.9, 61.5, 63.3, 76.4, 84.7, 86.2, 87.8, 90.6, 91.2, 91.7, 92.9, 93.5]",24,11,0.4583333333333333
2499982,"[4.5, 9.9, 33.1, 35.2, 36.1, 38.8, 42.6, 43.5, 49.7, 56.4, 64.8, 66.1, 70.4, 72.4, 78.2, 79.9, 81.0, 82.5, 82.5, 85.6, 86.8, 88.7, 93.0]",23,13,0.5652173913043478
2499983,"[3.8, 8.2, 11.2, 13.3, 17.7, 32.6, 36.1, 39.0, 39.8, 40.5, 41.0, 41.8, 45.1, 50.2, 51.1, 51.9, 52.6, 54.6, 60.3, 61.0, 72.1, 78.2, 85.5, 86.6, 90.3, 92.9]",26,8,0.3076923076923077
2499984,"[6.7, 8.9, 15.6, 29.5, 36.8, 42.7, 45.9, 48.2, 54.9, 57.7, 61.3, 78.9, 84.2, 91.2]",14,4,0.2857142857142857
2499985,"[2.7, 9.2, 13.5, 15.6, 23.6, 29.9, 37.7, 38.5, 51.6, 71.4, 73.7, 77.7, 80.5, 83.5, 88.7, 91.1]",16,7,0.4375
2499986,"[8.3, 12.3, 13.8, 20.7, 30.3, 37.0, 44.4, 51.3, 54.6, 56.7, 59.6, 65.9, 71.2, 76.2, 83.0, 90.7, 92.0, 92.8]",18,7,0.3888888888888889
2499987,"[6.7, 10.4, 11.0, 22.8, 24.2, 32.3, 37.4, 41.3, 43.1, 47.5, 55.4, 58.3, 61.0, 66.2, 68.3, 72.5, 72.9, 73.9, 77.4, 78.5, 88.7, 94.1]",22,10,0.45454545454545453
2499988,"[15.4, 20.4, 22.5, 25.1, 26.9, 28.0, 29.5, 34.5, 35.6, 36.7, 41.1, 43.8, 45.5, 47.6, 54.8, 79.2, 87.4, 89.8]",18,3,0.16666666666666666
2499989,"[4.0, 5.6, 9.1, 12.5, 17.3, 26.4, 34.3, 35.3, 43.8, 51.4, 52.4, 54.4, 55.8, 60.4, 63.3, 68.6, 69.3, 70.2, 80.8, 84.8, 87.4, 90.7, 90.9]",23,10,0.43478260869565216
2499990,"[1.0, 17.1, 18.2, 20.9, 24.9, 31.3, 39.9, 43.1, 45.6, 49.3, 51.1, 54.0, 57.4, 59.1, 65.3, 69.6, 72.9, 74.3, 82.9, 87.2, 88.5, 91.2]",22,8,0.36363636363636365
2499991,"[7.9, 15.0, 17.0, 21.1, 22.3, 23.2, 24.5, 28.0, 32.1, 38.1, 38.8, 44.3, 52.9, 55.6, 57.1, 62.6, 65.5, 68.0, 71.4, 71.8, 74.4, 79.5, 82.7]",23,8,0.34782608695652173
2499992,"[6.7, 9.5, 11.2, 16.5, 18.4, 29.7, 32.9, 33.6, 34.6, 40.9, 44.3, 49.7, 54.6, 61.1, 61.9, 63.2, 65.2, 75.9, 81.3, 89.0, 91.4, 92.8]",22,9,0.4090909090909091
2499993,"[1.0, 7.1, 10.8, 11.8, 12.2, 20.4, 21.4, 25.5, 27.2, 33.5, 42.9, 44.9, 51.7, 67.3, 75.7, 84.9, 91.4]",17,4,0.23529411764705882
2499994,"[5.4, 8.1, 9.5, 17.3, 19.8, 21.5, 22.7, 28.5, 29.1, 37.4, 40.7, 47.9, 50.5, 52.3, 53.3, 53.7, 58.8, 59.3, 66.5, 74.1, 80.5, 82.0, 82.5, 85.1, 86.7, 91.9]",26,8,0.3076923076923077
2499995,"[0.2, 12.4, 23.7, 26.0, 37.6, 39.1, 41.0, 42.2, 44.9, 46.3, 51.6, 64.9, 81.0, 92.4]",14,3,0.21428571428571427
2499996,"[9.3, 14.4, 17.2, 18.2, 21.4, 28.8, 29.8, 33.5, 40.7, 42.8, 45.3, 46.4, 55.9, 56.6, 64.9, 67.9, 73.3, 78.2, 81.7, 82.9, 84.2, 87.6, 89.0, 93.6, 94.5]",25,11,0.44
2499997,"[2.8, 9.3, 17.3, 20.9, 24.8, 25.6, 30.4, 34.9, 40.5, 43.6, 50.8, 52.6, 59.0, 63.0, 63.5, 70.8, 72.4, 82.3, 83.4, 87.7, 91.3, 91.7]",22,9,0.4090909090909091
2499998,"[0.6, 4.9, 13.0, 15.7, 17.0, 17.7, 18.6, 27.6, 28.2, 29.9, 46.1, 57.5, 59.7, 65.4, 66.6, 68.9, 75.3, 79.4, 81.4, 82.8]",20,7,0.35
2499999,"[8.5, 14.4, 15.1, 18.7, 24.1, 27.1, 33.0, 33.8, 35.0, 36.5, 38.2, 39.2, 41.1, 52.2, 53.4, 59.6, 63.1, 63.6, 75.0, 77.9, 78.9, 83.4, 84.1, 88.0, 93.7, 95.8]",26,10,0.38461538461538464
2500000,"[0.5, 1.8, 2.4, 7.8, 16.9, 18.6, 25.7, 35.8, 38.4, 40.0, 53.6, 58.5, 66.9, 68.3, 68.8, 82.2, 84.1, 85.1, 85.8, 90.2, 91.6]",21,9,0.42857142857142855
2500001,"[8.6, 12.0, 18.5, 36.3, 37.6, 41.0, 42.6, 44.9, 47.3, 56.9, 58.4, 59.6, 63.7, 67.8, 68.1, 74.1, 81.4, 85.2, 91.6, 92.9]",20,8,0.4
2500002,"[11.2, 15.3, 25.2, 27.7, 30.3, 32.8, 40.7, 43.1, 44.8, 49.1, 52.8, 63.6, 70.5, 71.3, 74.3, 85.1, 92.6, 95.4]",18,7,0.3888888888888889
2500003,"[12.0, 17.4, 21.4, 22.1, 23.3, 28.2, 37.3, 47.8, 51.9, 60.1, 67.3, 68.5, 79.5, 81.4, 87.0, 90.8]",16,7,0.4375
2500004,"[4.2, 6.1, 18.3, 23.7, 25.6, 26.8, 30.4, 30.8, 37.2, 40.5, 43.4, 44.6, 46.8, 56.5, 60.3, 88.1, 88.7, 90.8]",18,4,0.2222222222222222
2500005,"[0.6, 3.8, 6.3, 9.3, 13.4, 18.4, 25.5, 29.3, 40.7, 40.7, 53.8, 55.0, 56.2, 57.0, 59.0, 62.8, 72.4, 77.1, 77.8, 80.7, 83.1, 86.7, 91.8]",23,8,0.34782608695652173
2500006,"[12.4, 14.4, 29.2, 33.4, 37.1, 39.0, 40.0, 40.8, 43.2, 48.7, 54.2, 50.8, 57.3, 61.8, 64.0, 65.1, 65.6, 70.4, 77.2, 79.1, 83.4, 89.1]",22,9,0.4090909090909091
2500007,"[4.2, 17.6, 19.3, 22.9, 23.3, 29.1, 34.3, 50.1, 56.5, 60.3, 61.1, 68.0, 72.0, 74.4]",14,5,0.35714285714285715
2500008,"[5.0, 8.9, 10.7, 18.8, 24.4, 34.4, 40.1, 41.3, 43.0, 45.6, 57.3, 58.5, 59.6, 66.7, 67.2, 71.4, 72.9, 81.7, 83.2, 84.1, 86.1, 90.0, 95.9]",23,10,0.43478260869565216
2500009,"[13.6, 14.2, 15.2, 15.5, 17.2, 18.3, 35.5, 38.1, 60.1, 68.6, 69.2, 72.4, 73.4, 82.4, 83.2, 86.0, 94.2]",17,9,0.5294117647058824
2500010,"[6.5, 13.8, 17.5, 19.2, 24.1, 24.9, 33.6, 35.0, 45.7, 54.1, 54.8, 60.3, 65.4, 67.9, 70.1, 78.6, 86.6, 88.9, 89.2, 90.9, 92.4]",21,10,0.47619047619047616
2500011,"[2.3, 9.5, 16.3, 37.9, 38.1, 43.7, 46.2, 55.6, 57.1, 58.4, 65.1, 68.8, 74.2, 83.8, 84.8, 85.5, 85.6, 86.6]",18,8,0.4444444444444444
2500012,"[1.4, 1.9, 4.3, 4.9, 20.4, 26.9, 29.4, 32.6, 33.8, 39.2, 41.8, 44.9, 47.6, 51.6, 53.0, 54.3, 67.0, 79.7, 84.1, 85.9, 86.6, 88.0, 91.6, 93.7]",24,8,0.3333333333333333
2500013,"[1.3, 3.0, 9.2, 18.6, 44.1, 45.5, 46.4, 46.3, 49.3, 49.7, 57.5, 59.1, 62.1, 66.6, 67.8, 69.3, 76.4, 84.6, 90.9, 92.1]",20,8,0.4
2500014,"[4.6, 10.3, 16.2, 20.1, 26.6, 28.9, 30.0, 31.2, 34.5, 44.7, 45.6, 45.4, 48.4, 51.9, 57.9, 60.0, 61.2, 62.3, 66.4, 71.4, 72.0, 74.2, 78.0, 81.7, 84.1, 88.5]",26,11,0.4230769230769231
2500015,"[2.7, 11.0, 11.5, 12.5, 15.2, 17.8, 30.1, 30.6, 33.5, 35.6, 37.4, 41.0, 43.4, 46.2, 47.8, 55.0, 66.9, 68.0, 68.2, 81.3, 90.0]",21,5,0.23809523809523808
2500016,"[2.4, 4.0, 4.6, 5.4, 15.2, 18.5, 32.4, 37.3, 43.4, 62.0, 65.8, 71.0, 72.1, 73.0]",14,5,0.35714285714285715
2500017,"[9.3, 17.1, 28.6, 29.7, 40.4, 43.8, 51.8, 52.2, 63.1, 68.5, 72.3, 79.6, 90.1]",13,5,0.38461538461538464
2500018,"[4.9, 6.9, 9.1, 11.6, 13.0, 22.5, 26.0, 26.8, 36.4, 39.7, 41.2, 42.1, 47.2, 45.9, 47.4, 53.7, 56.2, 71.9, 75.6, 85.6]",20,3,0.15
2500019,"[2.1, 11.5, 30.3, 34.9, 40.5, 43.7, 45.5, 50.7, 62.3, 64.6, 65.2, 71.8, 82.4, 86.9, 96.2]",15,7,0.4666666666666667
2500020,"[4.3, 5.5, 17.0, 22.1, 27.0, 29.0, 36.5, 43.8, 50.8, 59.2, 65.7, 76.2, 77.6, 79.8, 83.1, 88.5, 91.1, 91.9, 92.4, 93.8]",20,10,0.5
2500021,"[5.4, 10.2, 11.6, 26.5, 28.1, 33.5, 42.6, 45.3, 52.5, 52.9, 55.3, 55.9, 56.9, 57.5, 58.1, 66.6, 69.4, 72.8, 76.4, 77.1, 79.0, 82.2, 90.6]",23,8,0.34782608695652173
2500022,"[5.2, 7.0, 8.7, 14.5, 17.2, 17.6, 24.3, 36.9, 48.7, 50.5, 57.6, 59.6, 61.5, 69.5, 73.8, 76.9, 77.0, 78.0, 84.3, 94.4]",20,8,0.4
2500023,"[18.6, 29.7, 50.0, 51.0, 58.9, 75.0, 78.2, 87.1, 87.9]",9,4,0.4444444444444444
2500024,"[2.0, 14.5, 21.8, 32.1, 36.0, 39.4, 40.5, 50.7, 64.7, 87.5, 91.9, 92.5]",12,4,0.3333333333333333
2500025,"[0.5, 6.0, 7.9, 10.8, 15.5, 21.1, 29.7, 31.1, 34.4, 38.6, 40.0, 45.0, 45.6, 51.9, 55.0, 58.0, 75.6, 76.1, 79.4, 80.3, 81.3, 86.5, 87.6, 91.0]",24,8,0.3333333333333333
2500026,"[0.4, 1.6, 2.3, 9.9, 16.1, 19.4, 21.4, 30.0, 31.3, 35.4, 37.4, 40.8, 48.8, 56.8, 60.5, 68.9, 74.2, 75.9, 79.8, 83.3, 84.3, 93.1]",22,8,0.36363636363636365
2500027,"[8.3, 12.5, 17.2, 19.4, 37.8, 42.9, 44.2, 45.4, 54.9, 56.6, 67.8, 72.1, 73.8, 78.8, 88.5, 90.5, 91.9, 94.8]",18,8,0.4444444444444444
2500028,"[1.2, 2.5, 4.9, 8.8, 9.4, 15.1, 17.4, 23.4, 27.5, 30.2, 31.2, 32.5, 39.1, 42.1, 43.3, 44.0, 44.6, 56.0, 71.3, 84.9, 85.8, 86.7, 87.3, 89.1, 92.7]",25,7,0.28
2500029,"[1.7, 2.2, 4.0, 8.2, 15.6, 17.1, 29.1, 30.9, 32.9, 36.8, 41.2, 43.4, 49.6, 50.5, 62.3, 63.0, 65.7, 70.1, 73.6, 87.4, 90.0, 90.5, 93.4]",23,9,0.391304347826087
2500030,"[0.4, 2.0, 4.7, 8.6, 11.5, 14.0, 16.8, 18.1, 22.5, 23.7, 27.7, 30.1, 44.0, 45.9, 45.4, 47.4, 60.7, 62.4, 62.9, 65.0, 67.4, 76.0, 78.1, 81.8, 86.2]",25,9,0.36
2500031,"[0.8, 14.6, 19.4, 26.6, 28.4, 31.0, 45.8, 46.9, 49.1, 49.6, 69.7, 81.6, 85.1, 91.0]",14,4,0.2857142857142857
2500032,"[11.5, 14.9, 26.1, 30.6, 33.3, 36.6, 37.2, 44.6, 55.2, 56.7, 60.0, 63.2, 74.6]",13,3,0.23076923076923078
2500033,"[2.4, 8.7, 9.7, 13.5, 14.6, 17.7, 21.8, 28.2, 29.1, 31.0, 39.6, 44.6, 47.2, 53.5, 61.4, 74.9, 76.5, 87.8]",18,4,0.2222222222222222
2500034,"[6.6, 7.5, 25.4, 26.2, 29.1, 31.6, 37.3, 46.9, 55.8, 59.7, 61.0, 67.1, 67.5, 69.5, 73.4, 77.3, 78.3, 82.4, 86.2]",19,9,0.47368421052631576
2500035,"[1.3, 1.8, 5.4, 7.3, 7.3, 25.8, 27.7, 33.1, 33.9, 37.0, 43.4, 44.5, 49.2, 56.3, 57.0, 60.0, 75.5, 81.8, 83.8, 86.4, 88.2, 93.5]",22,7,0.3181818181818182
2500036,"[2.1, 4.1, 9.4, 14.7, 16.6, 17.3, 19.2, 24.5, 29.9, 30.4, 31.1, 32.2, 35.1, 36.4, 38.4, 45.8, 48.9, 53.2, 62.4, 71.5, 74.4, 76.1, 77.0, 78.0, 82.9, 85.4, 86.7, 90.7]",28,10,0.35714285714285715
2500037,"[1.8, 2.7, 16.3, 20.0, 28.5, 39.6, 40.6, 41.3, 44.3, 50.4, 55.5, 56.4, 57.5, 59.4, 63.6, 69.5, 71.6, 77.5, 84.7, 86.2, 86.9, 87.4, 90.4]",23,9,0.391304347826087
2500038,"[11.6, 13.4, 16.0, 24.3, 27.6, 33.0, 35.2, 42.5, 45.8, 53.3, 59.3, 62.6, 68.7, 76.0, 78.0, 87.4, 89.6, 91.1, 91.9, 93.7, 95.0, 95.3]",22,11,0.5
2500039,"[3.4, 4.9, 6.2, 13.5, 16.5, 25.7, 26.1, 27.0, 30.6, 36.7, 45.6, 57.7, 78.4, 81.3, 90.8, 92.0, 92.8, 93.6]",18,6,0.3333333333333333
2500040,"[1.3, 3.4, 24.4, 25.9, 33.8, 41.4, 45.8, 50.0, 55.2, 57.5, 58.4, 71.7, 73.0, 84.1, 89.3, 90.1, 91.9, 92.0, 93.8, 96.3]",20,9,0.45
2500041,"[3.6, 5.8, 23.8, 25.9, 30.2, 33.0, 38.7, 41.7, 48.1, 48.5, 51.1, 52.8, 56.0, 56.8, 57.9, 63.7, 68.0, 73.1, 81.2, 92.3]",20,5,0.25
2500042,"[5.6, 7.2, 10.5, 11.6, 16.3, 22.2, 29.1, 31.0, 38.4, 45.4, 57.5, 58.7, 68.9, 75.1, 79.9, 81.7, 88.5]",17,5,0.29411764705882354
2500043,"[3.7, 9.4, 16.3, 21.0, 30.0, 32.9, 33.7, 37.2, 40.4, 47.5, 58.4, 64.6, 67.0, 69.8, 74.2, 83.2, 89.8, 91.1, 92.3]",19,8,0.42105263157894735
2500044,"[0.3, 3.9, 7.5, 12.2, 13.2, 19.5, 20.8, 20.8, 22.2, 25.4, 31.8, 32.4, 46.6, 51.9, 54.1, 60.4, 62.8, 66.1, 70.3, 84.1, 91.4, 92.3, 94.1]",23,8,0.34782608695652173
2500045,"[4.1, 11.9, 12.7, 22.4, 26.4, 27.3, 28.2, 32.3, 37.0, 41.7, 44.4, 45.8, 57.0, 60.6, 62.0, 63.7, 67.9, 73.9, 76.0, 77.2, 80.2, 82.8, 84.9, 90.0, 91.3, 92.1]",26,13,0.5
2500046,"[3.4, 14.0, 15.3, 19.0, 21.2, 29.1, 31.7, 35.9, 41.7, 46.8, 47.3, 48.3, 48.9, 53.5, 61.4, 61.7, 65.1, 66.2, 69.0, 70.9, 75.2, 77.6, 78.6, 82.9, 83.2, 87.2, 89.5, 92.1, 93.4, 93.4, 96.9, 97.0]",32,18,0.5625
2500047,"[5.7, 12.0, 16.2, 17.6, 21.5, 22.5, 23.8, 24.4, 25.9, 28.5, 32.0, 34.7, 36.5, 48.0, 52.8, 55.1, 55.7, 58.6, 62.8, 64.7, 68.9, 71.8, 76.2, 76.9, 78.4, 79.1, 85.4, 90.5, 92.8, 95.6]",30,12,0.4
2500048,"[4.7, 7.8, 9.2, 15.9, 22.3, 27.1, 28.6, 31.0, 32.6, 47.6, 49.0, 56.6, 59.6, 62.6, 66.4, 67.4, 86.7, 90.7, 91.7, 93.1]",20,7,0.35
2500049,"[0.3, 3.6, 30.9, 38.0, 44.1, 46.6, 49.2, 49.7, 56.4, 57.3, 58.4, 64.2, 68.8, 70.3, 72.5, 78.3, 80.5, 86.8, 89.2]",19,8,0.42105263157894735
2500050,"[1.0, 1.4, 8.4, 9.9, 15.7, 20.2, 20.9, 26.0, 30.6, 34.6, 37.8, 38.7, 43.3, 44.4, 46.5, 52.9, 56.6, 59.5, 61.9, 65.5, 66.7, 71.3, 76.4, 77.9, 83.5, 86.6, 88.8, 93.7]",28,10,0.35714285714285715
2500051,"[5.1, 10.5, 12.1, 14.4, 19.8, 34.7, 39.2, 44.8, 46.5, 52.5, 61.0, 64.5, 70.0, 76.1, 79.7, 84.1]",16,6,0.375
2500052,"[9.1, 9.8, 14.8, 19.2, 20.2, 23.7, 28.0, 30.5, 39.5, 46.6, 47.4, 47.6, 50.5, 53.6, 64.9, 65.3, 86.2, 87.6]",18,4,0.2222222222222222
2500053,"[3.7, 5.8, 10.5, 17.2, 18.6, 19.6, 28.0, 33.0, 35.8, 38.1, 47.6, 50.2, 51.8, 53.7, 55.5, 58.9, 68.3, 76.9, 82.6, 90.9, 93.8]",21,5,0.23809523809523808
2500054,"[1.0, 4.9, 13.0, 15.8, 21.3, 24.8, 31.3, 31.8, 32.6, 34.0, 35.6, 37.3, 39.5, 46.7, 58.5, 59.6, 61.3, 64.1, 87.6, 90.6, 91.5]",21,5,0.23809523809523808
2500055,"[2.2, 11.3, 12.5, 17.5, 30.3, 32.2, 33.6, 35.5, 38.2, 39.1, 40.5, 41.8, 42.5, 43.2, 47.6, 49.4, 58.6, 62.2, 63.4, 63.9, 66.5, 69.1, 75.0, 77.1, 80.2, 81.1, 84.8, 93.2]",28,11,0.39285714285714285
2500056,"[4.1, 6.0, 17.5, 25.1, 28.7, 38.8, 41.4, 43.9, 48.2, 51.8, 53.2, 54.7, 60.1, 62.1, 67.4, 76.5, 80.0, 85.5, 89.1, 90.8, 92.0]",21,9,0.42857142857142855
2500057,"[9.8, 13.1, 14.6, 17.2, 18.5, 23.0, 23.4, 26.4, 27.5, 29.4, 38.5, 39.9, 41.0, 45.5, 45.6, 46.4, 54.1, 55.4, 65.2, 67.1, 69.0, 76.0, 77.8, 84.8, 88.4, 93.8]",26,8,0.3076923076923077
2500058,"[1.7, 5.4, 10.7, 14.1, 15.9, 18.3, 22.0, 23.6, 27.4, 28.4, 31.9, 32.5, 34.4, 40.0, 40.3, 42.3, 43.1, 44.2, 47.0, 51.8, 57.9, 58.1, 60.6, 64.2, 64.8, 67.8, 68.8, 71.4, 72.6, 74.1, 78.5, 81.1, 84.6, 87.4, 90.5, 91.0, 91.5, 93.2]",38,16,0.42105263157894735
2500059,"[1.6, 6.2, 18.1, 31.4, 34.8, 35.4, 40.4, 46.8, 48.5, 57.8, 59.5, 61.1, 65.6, 67.7, 69.1, 75.4, 90.8]",17,6,0.35294117647058826
2500060,"[4.8, 21.0, 27.6, 32.7, 36.4, 38.6, 40.9, 48.3, 49.6, 57.1, 59.0, 60.3, 61.4, 65.7, 69.2, 73.2, 75.7, 79.5, 80.2, 86.3, 93.9]",21,10,0.47619047619047616
2500061,"[6.6, 10.3, 13.3, 25.3, 38.7, 45.1, 48.5, 54.1, 56.4, 64.6]",10,1,0.1
2500062,"[15.8, 17.9, 22.6, 23.2, 27.2, 33.2, 37.5, 44.4, 46.4, 47.7, 52.1, 64.7, 71.3, 76.4, 87.4, 92.0, 95.5]",17,6,0.35294117647058826
2500063,"[5.8, 7.6, 10.2, 12.6, 19.3, 32.7, 39.9, 47.1, 49.1, 53.2, 55.2, 56.9, 58.5, 60.3, 65.4, 72.0, 74.9, 78.1, 87.0, 90.1, 90.6, 92.6]",22,9,0.4090909090909091
2500064,"[1.5, 7.7, 11.9, 21.1, 28.9, 29.1, 43.0, 44.1, 44.6, 48.0, 50.1, 50.5, 63.6, 64.3, 67.7, 71.6, 72.3, 74.6, 78.8, 86.0]",20,8,0.4
2500065,"[6.1, 22.9, 26.8, 35.9, 37.2, 48.2, 48.9, 50.1, 54.6, 60.0, 62.0, 75.4, 77.2, 83.3, 84.5]",15,6,0.4
2500066,"[18.9, 23.8, 27.7, 28.8, 32.2, 33.4, 36.2, 40.4, 41.2, 44.9, 47.6, 51.1, 52.6, 62.9, 68.4, 69.5, 76.8, 82.4, 83.4, 85.3, 89.4, 91.0]",22,9,0.4090909090909091
2500067,"[4.7, 15.1, 19.1, 20.1, 28.5, 32.9, 33.6, 35.6, 37.8, 46.7, 47.5, 48.3, 51.6, 52.4, 53.3, 56.0, 56.3, 58.0, 59.5, 60.5, 64.9, 78.1, 83.3, 84.4, 86.4, 87.5, 87.5, 88.6, 90.5, 91.9, 92.8]",31,12,0.3870967741935484
2500068,"[1.8, 4.6, 24.1, 26.7, 28.4, 50.5, 51.3, 54.9, 57.1, 63.8, 68.7, 73.3, 79.3, 79.8, 82.7, 83.7, 87.3, 93.3]",18,9,0.5
2500069,"[12.0, 15.8, 19.5, 20.8, 22.3, 22.6, 24.5, 25.4, 40.4, 43.6, 50.4, 55.7, 57.9, 62.6, 68.8, 69.4, 71.2, 72.3, 75.4, 75.9, 76.7, 81.6]",22,9,0.4090909090909091
2500070,"[8.2, 16.1, 19.4, 22.2, 30.9, 34.5, 43.7, 45.3, 45.6, 50.7, 52.5, 54.0, 55.7, 59.6, 67.7, 71.4, 72.5, 74.3, 76.9, 77.0, 87.2, 88.5, 90.8]",23,9,0.391304347826087
2500071,"[1.9, 6.8, 8.5, 10.9, 18.0, 28.2, 37.0, 42.6, 49.5, 51.5, 53.3, 56.9, 66.4, 71.4, 72.5, 79.2, 83.9, 85.1]",18,6,0.3333333333333333
2500072,"[6.2, 9.1, 13.5, 16.2, 17.3, 23.7, 32.3, 34.1, 34.9, 35.6, 36.5, 41.4, 45.6, 52.5, 55.5, 70.2, 76.9, 81.6, 82.6, 87.1]",20,5,0.25
2500073,"[2.8, 8.1, 17.1, 23.2, 29.8, 30.8, 31.1, 32.7, 39.4, 40.5, 45.6, 45.2, 49.9, 56.4, 73.9, 83.3, 84.4, 86.1, 87.4]",19,5,0.2631578947368421
2500074,"[0.3, 4.0, 8.4, 12.7, 18.6, 21.6, 22.2, 35.7, 39.9, 43.7, 45.7, 52.9, 53.3, 55.5, 63.1, 67.5, 77.6, 78.9, 81.7, 81.8, 91.1, 93.5]",22,8,0.36363636363636365
2500075,"[1.1, 2.9, 4.3, 13.9, 14.8, 21.5, 27.3, 37.7, 39.6, 41.8, 42.7, 46.9, 46.5, 49.2, 57.5, 59.3, 60.3, 73.8, 77.9, 79.6, 88.8, 88.8, 90.8, 91.3, 94.5]",25,9,0.36
2500076,"[0.3, 1.4, 2.7, 9.6, 10.1, 13.9, 14.3, 23.5, 24.0, 24.8, 29.4, 36.2, 38.6, 45.7, 46.1, 46.7, 47.5, 51.9, 63.7, 72.2, 82.2, 90.3, 91.4]",23,5,0.21739130434782608
2500077,"[1.6, 23.7, 34.6, 36.1, 38.2, 42.3, 46.0, 52.3, 55.8, 56.4, 59.1, 60.0, 61.0, 63.9, 66.8, 77.4, 80.0, 82.7, 85.6, 87.6, 96.1]",21,10,0.47619047619047616
2500078,"[7.1, 15.4, 23.3, 32.9, 36.2, 38.7, 40.1, 48.3, 47.1, 48.8, 55.8, 57.0, 59.1, 86.9, 90.1, 91.0]",16,3,0.1875
2500079,"[10.0, 10.6, 14.6, 24.1, 26.5, 29.0, 33.7, 34.1, 34.5, 38.4, 41.1, 42.0, 44.2, 50.3, 50.7, 57.4, 61.2, 68.9, 81.4, 82.2, 82.9, 85.9, 87.1]",23,7,0.30434782608695654
2500080,"[27.2, 29.8, 34.8, 35.5, 42.4, 43.6, 43.7, 44.8, 55.2, 56.6, 65.4, 68.2, 72.2, 81.4]",14,4,0.2857142857142857
2500081,"[1.6, 4.4, 46.8, 66.2, 79.5, 79.9, 86.9, 92.8]",8,5,0.625
2500082,"[8.0, 9.0, 13.2, 15.1, 21.5, 21.7, 29.2, 39.0, 39.9, 51.3, 52.0, 52.7, 59.1, 60.2, 67.8, 69.4, 74.7, 78.3, 80.2, 84.8, 87.5, 93.8]",22,9,0.4090909090909091
2500083,"[4.7, 6.0, 7.0, 11.9, 14.6, 21.6, 22.4, 25.3, 36.3, 37.5, 37.9, 44.8, 45.8, 45.4, 52.2, 56.9, 62.1, 70.5, 76.7, 80.2, 83.1, 84.2, 89.8, 92.1, 94.5, 95.9]",26,10,0.38461538461538464
2500084,"[5.6, 14.9, 25.3, 31.6, 35.2, 36.6, 40.8, 45.8, 46.8, 48.0, 54.5, 62.9, 66.2, 69.7, 74.9, 83.0, 90.4, 91.5]",18,7,0.3888888888888889
2500085,"[8.5, 10.3, 22.7, 28.3, 42.7, 46.6, 60.6, 63.4, 65.1, 65.6, 68.1, 72.0, 75.1, 87.0, 87.0]",15,9,0.6
2500086,"[0.4, 3.2, 6.2, 12.4, 12.8, 15.8, 23.5, 32.5, 36.1, 36.6, 41.0, 43.9, 48.9, 50.4, 53.2, 55.5, 56.4, 58.7, 60.2, 61.8, 63.4, 63.6, 64.2, 68.7, 70.7, 72.6, 78.9, 80.3, 82.7, 84.2, 88.2, 94.5, 94.9]",33,15,0.45454545454545453
2500087,"[6.2, 13.1, 15.4, 15.9, 22.7, 34.3, 37.6, 40.0, 41.2, 43.8, 48.9, 52.9, 57.5, 57.9, 66.9, 71.8, 76.8, 79.6, 80.7, 84.8, 87.1, 90.7]",22,8,0.36363636363636365
2500088,"[0.6, 12.5, 14.1, 14.7, 20.7, 24.7, 25.6, 34.2, 35.1, 35.9, 37.3, 39.2, 40.2, 41.6, 45.5, 52.7, 54.1, 57.0, 60.4, 63.4, 65.2, 65.5, 72.7, 77.6, 78.3, 80.8, 89.4]",27,9,0.3333333333333333
2500089,"[1.8, 3.1, 6.9, 9.3, 13.1, 13.7, 16.6, 17.2, 35.1, 39.6, 43.6, 46.0, 45.2, 51.3, 63.1, 66.4, 68.0, 69.0, 70.2, 72.2, 74.8, 84.4, 87.3]",23,9,0.391304347826087
2500090,"[4.3, 15.3, 16.4, 17.0, 30.1, 34.9, 41.5, 42.7, 44.3, 46.0, 47.6, 50.0, 54.3, 57.0, 57.5, 70.8, 73.4, 80.5, 82.8, 84.5, 87.7]",21,6,0.2857142857142857
2500091,"[9.7, 17.4, 19.7, 26.8, 29.1, 30.9, 34.2, 35.2, 36.9, 38.7, 41.0, 54.8, 65.7, 72.6, 78.9, 91.1, 92.0, 92.6]",18,6,0.3333333333333333
2500092,"[10.5, 24.0, 40.8, 42.3, 46.8, 64.3, 73.4, 82.4, 87.9]",9,4,0.4444444444444444
2500093,"[0.3, 8.3, 9.9, 12.5, 13.4, 16.3, 19.1, 23.6, 26.6, 35.0, 38.8, 45.3, 46.9, 57.0, 67.5, 83.6, 90.7]",17,3,0.17647058823529413
2500094,"[0.9, 3.7, 12.5, 13.8, 18.9, 25.1, 26.8, 27.4, 32.6, 35.4, 36.2, 37.0, 44.8, 45.8, 61.5, 62.2, 67.0, 71.4, 75.6, 84.8, 87.2]",21,7,0.3333333333333333
2500095,"[10.3, 13.3, 23.6, 26.7, 27.0, 30.4, 31.4, 46.0, 47.5, 50.6, 53.4, 65.3, 70.2, 78.4, 86.6, 87.5, 88.3, 92.8, 94.0, 94.0]",20,9,0.45
2500096,"[8.4, 12.1, 33.9, 35.5, 39.0, 39.6, 42.3, 44.4, 45.1, 49.0, 49.6, 52.0, 52.8, 53.9, 54.8, 55.8, 57.6, 60.1, 65.2, 67.3, 87.4]",21,4,0.19047619047619047
2500097,"[2.3, 5.0, 11.1, 11.6, 17.3, 20.5, 29.6, 30.7, 34.9, 36.3, 41.4, 44.1, 46.9, 49.9, 54.3, 56.3, 56.9, 66.5, 82.8, 89.3, 89.9, 91.0]",22,5,0.22727272727272727
2500098,"[14.7, 15.3, 17.9, 25.1, 26.8, 29.1, 32.7, 41.2, 47.2, 48.5, 50.8, 51.8, 54.9, 56.8, 59.6, 66.5, 68.0, 71.5, 78.8, 86.2]",20,5,0.25
